EmployeeID,Name,Age,Department,Salary,Performance_Score,Join_Date,Leave_Date,Email
1,Lauren,,IT,93046,Average,,not available,christinemartinez@gmail.com
2,David,Thirty,HR,38147,Good,2015-10-12,,johnsonzachary@barnes-hart.info
3,Angela,Thirty,HR,,Average,,2023-04-11,invalidemail.com
4,Scott,Thirty,Operations,119443,,30/12/2019,,heatherjohnson@gmail.com
5,Michael,Thirty,HR,72396,Good,30/12/2019,,nbolton@yahoo.com
6,Casey,,,95855,Average,,,cosborn@henry.info
7,Kathleen,Thirty,Finance,unknown,Good,2019-07-16,not available,david74@vincent.net
8,Scott,42,IT,75839,Good,not available,2021-07-16,
9,Alyssa,26,IT,45079,Poor,2022-04-17,2022-12-21,jacksonmicheal@davis.com
10,Jacqueline,,HR,,Good,30/12/2019,not available,joneschristine@woods-lewis.com
11,Candace,38,,,Average,not available,,michael31@yahoo.com
12,Debra,,HR,119498,Excellent,30/12/2019,,ashley99@hotmail.com
13,Don,,,109611,Good,,,martinkayla@yahoo.com
14,Michael,56,IT,98505,Excellent,2023-07-20,,deckerdanielle@smith-weber.com
15,Amy,,Operations,,Average,,,mark14@gmail.com
16,Erik,25,Operations,,Poor,30/12/2019,,
17,Steven,41,Finance,unknown,Poor,2020-09-14,2021-07-04,zhall@yahoo.com
18,Timothy,Thirty,Operations,,Average,,,desiree11@williams-taylor.com
19,Richard,22,IT,56598,Good,30/12/2019,2021-09-10,xlewis@hotmail.com
20,Justin,25,Finance,96509,Poor,30/12/2019,2022-05-14,guerracristian@yahoo.com
21,Michael,42,Finance,unknown,Poor,2023-09-05,,adammorrison@hanson.com
22,Rebekah,,Operations,unknown,Excellent,,not available,jimenezmargaret@sanchez.com
23,Thomas,42,Finance,unknown,,,not available,daniel37@adams.net
24,Erica,Thirty,IT,unknown,,2020-04-09,,ericacarter@yahoo.com
25,Tiffany,,IT,113172,Poor,not available,2023-08-24,douglas46@gmail.com
26,Adam,Thirty,IT,unknown,Excellent,not available,,brian00@hotmail.com
27,Christine,,Operations,unknown,Good,30/12/2019,,vincent87@yahoo.com
28,Jasmine,36,Operations,69899,Poor,not available,2024-08-28,melissacarpenter@yahoo.com
29,Steven,Thirty,HR,66285,,not available,not available,jonesjeremiah@hotmail.com
30,Catherine,28,IT,unknown,Excellent,not available,2024-09-27,nicole04@hotmail.com
31,Daniel,Thirty,Finance,,,,,plee@walton.com
32,John,,,59130,Poor,not available,,ballardsamuel@bailey-sanchez.com
33,Elizabeth,,,87750,Excellent,not available,,ysalazar@yahoo.com
34,Cheryl,,IT,,Poor,30/12/2019,2022-10-22,kstevens@hotmail.com
35,Crystal,31,Finance,unknown,Good,2020-12-25,,christopher87@yahoo.com
36,Mckenzie,39,IT,67673,,,,owood@mendoza-white.biz
37,Sara,56,HR,unknown,Good,30/12/2019,,
38,Deborah,,,unknown,Average,30/12/2019,,noatsign
39,Jessica,Thirty,HR,,Good,30/12/2019,,harry39@brown.org
40,Daniel,,,unknown,Good,,not available,kevingarcia@hotmail.com
41,Lauren,30,Finance,,Excellent,,2021-08-08,yball@brown.com
42,Stacy,30,Operations,unknown,Poor,not available,not available,mayerika@sweeney.com
43,Kelly,,Finance,47982,,not available,,ischmidt@gmail.com
44,Justin,53,Finance,68279,Good,2016-02-13,2020-08-03,kking@johnson.com
45,Pamela,,HR,89743,Average,30/12/2019,,kmckee@fuller.org
46,Maria,38,,88251,Poor,30/12/2019,,ubarber@yahoo.com
47,Robert,Thirty,,97618,,,not available,edwardbowen@smith.com
48,Noah,29,IT,unknown,Good,2016-07-23,not available,pmiller@moss.info
49,Shawn,,HR,41706,,2020-06-21,not available,cheyenne24@hotmail.com
50,Rachel,,HR,unknown,,,,idixon@yahoo.com
51,Johnathan,,,,Average,30/12/2019,,katelyn71@hotmail.com
52,Nicole,22,,,Good,2023-09-19,,ucampbell@gmail.com
53,Ashley,Thirty,Operations,unknown,,2024-12-21,,noatsign
54,Darrell,Thirty,Finance,,Excellent,2019-03-09,,kim74@wright-chavez.com
55,Kenneth,,Finance,,Poor,not available,,jodymontes@hotmail.com
56,Michael,Thirty,HR,unknown,Poor,,not available,michael67@robinson.com
57,Alex,,Finance,unknown,Good,30/12/2019,2022-12-13,boydbobby@anderson.com
58,Tyler,Thirty,Operations,,,,not available,deborah91@hotmail.com
59,Brandon,Thirty,,58451,Good,2018-05-20,2020-12-16,invalidemail.com
60,Daniel,,Operations,unknown,Excellent,2025-04-20,not available,noatsign
61,Gregory,Thirty,,67507,Poor,30/12/2019,not available,anthonylambert@yahoo.com
62,Stephanie,Thirty,HR,unknown,,,,cheryl11@yahoo.com
63,Alyssa,,,,Excellent,30/12/2019,not available,jackwest@shea-walsh.com
64,Aaron,29,,unknown,Good,,not available,samantha97@miller.info
65,Justin,Thirty,,82578,Poor,30/12/2019,,margaret48@hotmail.com
66,Michael,Thirty,Finance,85678,Poor,30/12/2019,not available,griffithariana@hotmail.com
67,Anthony,Thirty,,,,30/12/2019,,alicepowell@hotmail.com
68,Damon,,IT,42512,Good,2018-10-09,not available,
69,Timothy,,HR,unknown,,,2022-11-28,doyleemma@stout.com
70,Duane,,IT,,Good,2022-11-12,not available,lsimon@gmail.com
71,Kristopher,,Finance,unknown,Good,30/12/2019,2021-10-31,brandoncohen@hotmail.com
72,Miguel,Thirty,IT,unknown,Poor,2025-01-19,,markmartin@carroll.org
73,Stacey,,,unknown,Excellent,30/12/2019,not available,shelby32@spencer.net
74,Daniel,50,HR,86802,Excellent,not available,2021-03-31,veronicadaniels@gmail.com
75,Erica,,,unknown,Excellent,not available,,andreashaffer@shaw.com
76,Adam,,IT,unknown,Average,,not available,david19@cline.com
77,Martha,55,Operations,95211,Excellent,not available,,frodriguez@yahoo.com
78,Jennifer,Thirty,Finance,37866,Good,,,duffyjacqueline@gmail.com
79,Daniel,Thirty,Operations,83439,Average,,2021-03-15,randyrichards@gmail.com
80,Robert,50,HR,44031,,30/12/2019,not available,farmermicheal@yahoo.com
81,Christy,42,,unknown,Average,not available,2023-09-10,nicholasmendez@hernandez-wells.com
82,Michael,30,Finance,73399,Average,,not available,djohnson@floyd-hall.com
83,Corey,,,,,2019-04-25,2025-06-02,ucurry@casey.biz
84,Scott,,Finance,,,2016-08-14,,nmendoza@yahoo.com
85,Gabrielle,53,,unknown,Poor,30/12/2019,,shernandez@gmail.com
86,Nicole,Thirty,Operations,104558,,30/12/2019,,pstephens@francis.com
87,Molly,,HR,119886,Excellent,,2022-06-11,gail49@campos-welch.net
88,Michael,Thirty,Operations,47316,Excellent,not available,,noatsign
89,Whitney,,,,Good,,,uhampton@gmail.com
90,Angela,44,,unknown,Average,,,nicolewright@yahoo.com
91,Donald,,,unknown,Good,2017-09-21,not available,lcasey@patel.com
92,Stacy,30,HR,,Excellent,30/12/2019,,hwelch@tucker.com
93,Brian,60,HR,unknown,Good,30/12/2019,,invalidemail.com
94,Patrick,,HR,108340,Good,,,stacyblack@gmail.com
95,Ashley,55,IT,unknown,Poor,,,ebrown@hotmail.com
96,Beth,Thirty,,unknown,Poor,not available,,mcclainjames@murphy-reeves.net
97,Melinda,,Operations,82509,Good,2024-12-01,,mcombs@hotmail.com
98,Rebecca,,Finance,unknown,Average,2019-07-10,,ericksonrebecca@collins-murray.com
99,Brittany,Thirty,,64645,Good,not available,,carrolljoseph@cooper.com
100,Nancy,Thirty,HR,unknown,Average,not available,,
101,Tony,53,,unknown,Good,30/12/2019,not available,nbryant@hotmail.com
102,Kristie,29,Operations,91805,,2020-12-08,,clewis@james.com
103,Olivia,,Operations,48296,,not available,not available,morenosarah@lawson-anderson.info
104,Jennifer,,,unknown,Average,not available,,ambergarcia@yahoo.com
105,Joann,26,IT,unknown,Good,30/12/2019,,paulramirez@mcdaniel.com
106,Christopher,,Finance,,,not available,not available,emilysmith@porter-kelly.biz
107,Melanie,Thirty,Finance,,Poor,30/12/2019,2023-05-21,veronicasantiago@yahoo.com
108,Victoria,Thirty,,111249,Excellent,,not available,djames@hotmail.com
109,Cynthia,,Operations,,Average,30/12/2019,,moonjonathan@hotmail.com
110,John,Thirty,Finance,,Average,not available,,diazkelly@richardson.net
111,Gloria,27,HR,71613,Average,,not available,noatsign
112,Ann,,Operations,74379,Average,not available,,kristi98@winters-hernandez.net
113,Travis,,Finance,unknown,Good,2023-08-27,not available,michael60@yahoo.com
114,Duane,29,,unknown,Excellent,30/12/2019,,woodsmichael@smith.com
115,Sarah,Thirty,IT,,Poor,not available,2020-07-20,noatsign
116,Nathan,53,,,Average,30/12/2019,2023-12-14,amber36@yahoo.com
117,Michael,30,Operations,unknown,,2021-07-23,,invalidemail.com
118,Eddie,Thirty,Operations,unknown,,not available,2023-09-18,ithomas@gmail.com
119,Isabel,51,,,Good,2020-09-18,,georgecharles@hotmail.com
120,Andrew,34,HR,,Poor,2024-07-09,not available,martinezmichael@gmail.com
121,Debra,,,,Average,,2025-01-20,diazshawn@gmail.com
122,Stacey,,Finance,unknown,Poor,2017-09-12,not available,owenvalerie@wade-sanders.com
123,Miguel,,,,,not available,2023-12-20,vargaseric@garcia.com
124,Jason,Thirty,Finance,84555,,,,danielsstacy@gmail.com
125,Dawn,47,HR,unknown,,30/12/2019,,edward43@meyers.com
126,Brian,42,Operations,109568,,2018-04-28,,rebecca22@thomas-morrison.info
127,Shannon,,,unknown,Good,2020-10-12,,megan69@hotmail.com
128,Christopher,Thirty,HR,unknown,Average,,not available,hlin@gmail.com
129,Heidi,Thirty,,,Average,2019-07-27,,invalidemail.com
130,Katherine,31,,,Average,2016-11-24,,lmcpherson@bell-tyler.com
131,Julie,Thirty,HR,,Good,not available,,williamsmichelle@pierce.net
132,Mark,,,,,not available,2023-07-26,rfernandez@allen-lang.org
133,Donna,,Finance,,Good,2022-06-12,,mary03@yahoo.com
134,Benjamin,Thirty,,unknown,,not available,,noatsign
135,Michael,,Finance,unknown,Excellent,2022-10-08,not available,parkerbrenda@yahoo.com
136,Jennifer,Thirty,,,,not available,,fullerjoseph@yahoo.com
137,Brittany,Thirty,,,Excellent,30/12/2019,2021-04-05,stacy68@ross.biz
138,Crystal,36,HR,117958,,,not available,edwin36@russell.com
139,Christopher,Thirty,,unknown,Average,not available,2021-06-13,waustin@lewis.info
140,Robin,,HR,unknown,Excellent,,not available,whiteshannon@hotmail.com
141,Justin,51,Finance,,,not available,2023-01-14,
142,Rhonda,56,,,Average,not available,2023-01-29,brownangela@hotmail.com
143,Crystal,,,unknown,Excellent,30/12/2019,2021-07-03,christymcdonald@phelps.com
144,Nicole,39,Operations,unknown,Poor,not available,2023-08-27,
145,Elizabeth,52,HR,,Good,30/12/2019,,mitchell57@george.com
146,Molly,,,84797,Average,30/12/2019,not available,lnielsen@daniels.net
147,Barbara,,IT,104404,Average,30/12/2019,,ymann@adams.com
148,Tammy,Thirty,Finance,,Excellent,30/12/2019,2023-11-20,youngamber@salazar.biz
149,Jessica,60,,,,,,alexandria01@rush-holden.info
150,Joshua,50,,96315,Excellent,not available,,campbellkelsey@nicholson.info
151,Ashley,,Finance,58575,Poor,30/12/2019,,suzannebeasley@wade-chavez.com
152,Courtney,52,Finance,70926,Good,not available,2021-07-30,hweber@gmail.com
153,Daniel,,Operations,unknown,Good,30/12/2019,not available,susanfoley@smith.biz
154,Jeffrey,Thirty,,57198,,,2021-02-06,davisroberto@donovan.com
155,Keith,Thirty,,unknown,Excellent,2015-07-06,2022-01-16,jessicasawyer@hotmail.com
156,Ruben,Thirty,,35544,Poor,2020-05-18,,smithkenneth@hoover-rivera.net
157,Christopher,,Finance,85663,Excellent,2021-08-03,,angelawiggins@hotmail.com
158,Andrew,Thirty,Finance,,,2023-11-09,2023-07-17,russell42@bell.com
159,Brian,,,,Excellent,not available,not available,jonespaige@rice.info
160,Wendy,Thirty,,,Excellent,30/12/2019,not available,monica49@allen-anderson.net
161,Mark,Thirty,Finance,100695,Excellent,2022-10-11,not available,vanceallison@lee.com
162,Lisa,28,IT,110989,Average,30/12/2019,2025-03-20,amber84@gmail.com
163,Matthew,Thirty,Operations,unknown,Average,not available,,williamswendy@gmail.com
164,Michael,26,Operations,92731,Excellent,not available,,qarnold@gmail.com
165,Lisa,48,HR,97741,,2018-12-09,2024-08-16,csmith@jacobson.com
166,Tammy,Thirty,,unknown,Excellent,2018-12-24,,david18@stuart.info
167,Nicole,Thirty,,,Average,not available,2020-12-30,ogarcia@hunt-turner.org
168,Andrew,Thirty,HR,unknown,,not available,2022-05-03,justin51@gmail.com
169,Ronald,26,,78120,Poor,30/12/2019,not available,valerie25@burton-thomas.biz
170,Robin,,Operations,,Good,30/12/2019,,noatsign
171,Christopher,34,,,Average,,not available,tanderson@hotmail.com
172,Colleen,51,Operations,unknown,Poor,30/12/2019,,cporter@murillo.com
173,Donna,27,,110405,Poor,,2024-09-20,houstonjose@sandoval.info
174,Jared,,HR,,Good,,2023-04-16,brandonvaughan@bush.com
175,Heather,33,,43831,,2016-06-17,2021-01-11,jonathan44@hotmail.com
176,Bradley,,,unknown,Poor,not available,2021-01-13,yangwayne@johnston-hunter.org
177,Patrick,39,IT,,,,2024-04-06,lori24@gmail.com
178,Raymond,31,Operations,,Average,30/12/2019,2021-12-04,skennedy@hunt.com
179,Matthew,22,Operations,unknown,Excellent,30/12/2019,,michaelburton@gmail.com
180,Charles,55,IT,,Excellent,2022-04-01,2022-10-18,nguyensandra@taylor.net
181,Samantha,Thirty,Operations,75472,Excellent,,,nmorgan@hotmail.com
182,Jacob,41,Finance,unknown,Poor,2016-05-20,,hernandezwilliam@andrade.com
183,Nathan,Thirty,,119544,Excellent,,not available,elizabeth06@gmail.com
184,Lauren,Thirty,IT,43082,,30/12/2019,not available,sarawolf@hotmail.com
185,Christine,26,Finance,115160,Poor,not available,not available,juliefreeman@gmail.com
186,Daniel,30,,unknown,Poor,,,davidramirez@morales-cabrera.com
187,Andrea,Thirty,,,Excellent,,,qdavis@scott-wright.net
188,Luke,,IT,,Poor,not available,2024-10-11,longjoseph@hotmail.com
189,Angela,Thirty,HR,unknown,Excellent,2017-09-24,2020-08-19,montgomeryalexandria@clark.com
190,Christina,Thirty,Operations,101902,Average,not available,not available,annaprice@walsh.com
191,Timothy,49,,unknown,Excellent,30/12/2019,not available,douglas71@yahoo.com
192,Logan,Thirty,,50126,Poor,2016-11-26,,noatsign
193,Kathleen,Thirty,Operations,97871,,,2025-03-22,reginaldmartinez@cortez-strickland.info
194,Christine,58,,unknown,Average,not available,,misty59@garcia-callahan.org
195,Michael,45,Operations,,Good,30/12/2019,,maria74@yahoo.com
196,Darren,52,IT,55375,Poor,2024-09-16,not available,johnorr@raymond.com
197,Alec,,HR,unknown,Good,30/12/2019,not available,bpatrick@gonzalez.net
198,Brian,,IT,93564,,,,longanna@warren.org
199,Tyler,,,unknown,Poor,,,brenda83@lawson.com
200,Mario,Thirty,Operations,unknown,Poor,2024-01-21,not available,angelacross@hotmail.com
201,Lisa,53,,,Average,not available,,mitchellcollins@gmail.com
202,Karen,52,IT,,,,,lmclaughlin@perez.com
203,Briana,,Operations,unknown,Average,not available,,denisecook@yahoo.com
204,Todd,Thirty,IT,unknown,Average,30/12/2019,2024-10-06,johnsonchelsea@gmail.com
205,Jeffrey,,,unknown,Excellent,2021-04-10,,justinlevy@kelley-baker.net
206,David,44,HR,82753,Average,30/12/2019,,leonestrada@gmail.com
207,Christopher,,IT,49804,Average,not available,,steelebradley@gmail.com
208,Nicole,,Operations,unknown,Good,2023-06-09,,jessicastevens@rogers-atkins.com
209,John,Thirty,Operations,unknown,Good,2018-08-01,2023-11-16,tpatel@yahoo.com
210,Zachary,Thirty,,,,not available,2023-02-04,katherinebrowning@brooks.com
211,Robert,,,39370,Good,2019-10-13,2023-06-01,randolphderrick@king.com
212,Jason,Thirty,Operations,unknown,Excellent,not available,,robertsnicholas@torres-norris.net
213,Wendy,,Finance,100242,Good,30/12/2019,2024-09-06,stephenbartlett@yahoo.com
214,Kelly,,Operations,unknown,Average,not available,,deborahperry@johnson-rodriguez.com
215,Samuel,25,HR,99079,Poor,30/12/2019,2022-10-09,jill25@yahoo.com
216,Jerry,23,,45977,Good,2024-03-19,,laurakirby@murphy.com
217,Kenneth,49,,115521,Average,2023-12-31,,leslie68@yahoo.com
218,Dawn,52,Finance,,Excellent,30/12/2019,,morganpamela@gmail.com
219,Tiffany,,,116586,Poor,,2020-12-17,ellisonamy@allison-castro.com
220,Nicole,43,IT,,Good,30/12/2019,,andre21@cooper.com
221,Mary,Thirty,IT,unknown,Poor,2016-08-31,2021-10-31,nicholas68@holmes.net
222,Patricia,29,,66963,Poor,not available,,icervantes@gmail.com
223,Dan,50,Finance,unknown,Good,not available,,
224,Cynthia,,,58047,Good,2023-07-10,not available,waterswilliam@gmail.com
225,Aaron,39,,unknown,Good,2022-06-28,not available,ocarson@gmail.com
226,Victoria,Thirty,Operations,113857,Excellent,,not available,jay14@carney.com
227,Michael,Thirty,Operations,,,,,noatsign
228,John,23,,,,,,ronnie68@yahoo.com
229,Victor,,Operations,108557,Excellent,2016-10-04,not available,wwest@valdez.com
230,David,Thirty,HR,unknown,Poor,,,paulahoover@haynes.biz
231,William,Thirty,IT,unknown,Average,30/12/2019,,carol28@herrera.com
232,Eric,Thirty,Operations,unknown,,30/12/2019,2021-09-20,stevenbrewer@yahoo.com
233,Chad,,IT,61657,Average,30/12/2019,,shawn77@gmail.com
234,Kimberly,54,,,Good,30/12/2019,not available,mle@yahoo.com
235,Patricia,,HR,,Average,30/12/2019,,mooremikayla@hotmail.com
236,Stacey,Thirty,,74523,,,not available,noatsign
237,Daniel,,,,Excellent,not available,,savageedwin@gmail.com
238,David,,Finance,,Excellent,2015-11-04,,knelson@mercer.net
239,Ricky,Thirty,IT,65677,Poor,,,ngonzales@yahoo.com
240,Sonya,,,unknown,,,,
241,Steven,,Finance,unknown,Good,2020-10-07,not available,adam72@gmail.com
242,Andrea,,,88664,,,2023-07-24,brooke54@luna.com
243,Jason,Thirty,,unknown,Excellent,,2020-08-03,noatsign
244,Carlos,,HR,,,2025-05-20,,ubaker@ho.com
245,Ernest,,HR,unknown,Excellent,not available,not available,michelemccall@hotmail.com
246,Jessica,33,IT,,Average,30/12/2019,not available,englishbill@gibson.com
247,Michelle,,,47605,Excellent,2017-11-19,,holmesalexander@yahoo.com
248,Michelle,Thirty,,45569,,30/12/2019,not available,rhicks@hotmail.com
249,James,22,,,Average,not available,not available,marshallsherry@gmail.com
250,Austin,33,,110243,Excellent,not available,,zbenson@bullock.com
251,Terry,38,Operations,,Good,2017-11-30,,caitlinhall@yahoo.com
252,Donna,Thirty,HR,unknown,Good,2023-07-20,2024-11-12,jasonpearson@gmail.com
253,Rhonda,,,,Average,,,aliciamills@yahoo.com
254,Veronica,55,,59139,Average,30/12/2019,,vadams@gmail.com
255,Angela,51,Operations,unknown,Good,,2021-07-04,robert34@yahoo.com
256,Paul,Thirty,,unknown,Good,not available,,scott68@yahoo.com
257,Johnny,Thirty,Finance,unknown,,30/12/2019,,natashacline@beard.com
258,Trevor,46,IT,unknown,Poor,not available,,garyjones@hotmail.com
259,Karen,Thirty,,74996,Excellent,2018-01-01,,michelejohnson@gmail.com
260,Kathleen,,Finance,unknown,Excellent,2023-10-25,,
261,Jamie,51,HR,65641,Average,30/12/2019,,acostabruce@vasquez.com
262,Donald,,Finance,76805,,not available,,lindaalvarado@gmail.com
263,James,Thirty,IT,46950,Poor,not available,,sara47@baker-ramos.info
264,Sarah,Thirty,IT,unknown,Poor,,2023-04-17,brittanyhuynh@hotmail.com
265,Ryan,Thirty,Finance,,Poor,30/12/2019,not available,jasonlin@hotmail.com
266,Elizabeth,54,Finance,57354,Average,,2022-01-02,nunezkatie@gmail.com
267,Morgan,35,HR,47763,Average,30/12/2019,,maria52@hotmail.com
268,Angela,51,,unknown,Average,not available,2023-04-16,montgomerysherry@baker.com
269,Sarah,Thirty,,,,30/12/2019,,llee@hotmail.com
270,Nicole,Thirty,,unknown,Poor,,,singhwilliam@walker.com
271,Perry,43,Operations,84364,Poor,not available,2022-11-15,joshuawu@preston.org
272,Tim,Thirty,,unknown,Good,2017-12-27,not available,derekcross@taylor-richard.com
273,Matthew,,,,Average,30/12/2019,not available,
274,Chelsea,,Operations,44287,,2019-02-08,,invalidemail.com
275,William,48,IT,unknown,Average,not available,,
276,Elizabeth,54,HR,92812,Excellent,not available,,callahanmaria@hotmail.com
277,Christine,Thirty,HR,,Excellent,not available,,nwu@gmail.com
278,Lisa,,Finance,unknown,Excellent,30/12/2019,not available,andersonheidi@hotmail.com
279,Tracy,Thirty,Finance,unknown,,not available,2022-06-15,caseyashley@thomas.com
280,Bill,,,unknown,Poor,30/12/2019,2024-02-01,meadowscynthia@massey.com
281,Brian,,Finance,unknown,Average,2019-11-07,,chelsea48@hotmail.com
282,Scott,Thirty,Operations,67391,Average,2023-01-21,,jennifer41@gmail.com
283,Maria,Thirty,Operations,,Average,2022-03-19,not available,mjackson@tucker.com
284,Ashley,Thirty,Finance,unknown,Good,,,tammyedwards@yahoo.com
285,Zachary,57,,,Good,2019-06-21,2023-07-17,cfisher@fuller-hanson.info
286,John,47,Operations,unknown,Good,2021-07-25,not available,joshua15@gmail.com
287,Gregory,,Finance,unknown,Average,30/12/2019,2023-06-21,zjones@hotmail.com
288,Robert,,HR,,Excellent,2017-12-02,,ryoung@gmail.com
289,Jamie,Thirty,IT,,Good,,,ortegadenise@gmail.com
290,Karen,Thirty,Finance,unknown,Good,,not available,parrishthomas@christensen-figueroa.net
291,Darin,,,,Good,,2020-12-09,timothy52@atkinson.info
292,Barbara,39,Finance,unknown,Average,,,youngcarl@dickerson.org
293,Kayla,Thirty,,86068,Excellent,2021-04-30,not available,cheryl70@deleon.net
294,Nicholas,,,,Poor,not available,,lukeryan@davis.com
295,Kimberly,,,,Average,,,petersenlaura@hotmail.com
296,Francisco,25,,,Average,,not available,denise25@hicks.org
297,Samantha,,Finance,unknown,Good,not available,,ugarcia@rogers.com
298,Kevin,,,112231,Good,,,michelebaker@kelly.org
299,Emily,57,,56710,Poor,30/12/2019,,marshbryan@hotmail.com
300,Tony,,IT,117832,Average,30/12/2019,2021-10-29,anthonyward@lane.biz
301,Kimberly,Thirty,Finance,43064,Poor,2019-04-25,,hwilliams@pruitt.biz
302,Matthew,24,HR,unknown,Poor,not available,,pwebb@gmail.com
303,Christine,,HR,38912,Average,2023-08-11,,louis62@yahoo.com
304,Mark,47,,41422,Poor,2025-01-14,,caldwellbilly@ford.biz
305,Clayton,,,76311,Poor,,,invalidemail.com
306,Erica,Thirty,,,Good,not available,not available,hendersonjohn@mendoza.com
307,Kevin,Thirty,,106268,Average,not available,2024-03-08,paynekristin@gmail.com
308,Craig,Thirty,HR,,Good,not available,not available,tmerritt@gmail.com
309,Emily,Thirty,Operations,82947,Average,2018-03-02,2021-07-11,garciaemma@robertson.org
310,Lance,Thirty,,,Excellent,,,ronaldsanchez@stanley-smith.net
311,Joshua,51,Finance,unknown,Poor,2024-12-19,,brandonwilliams@gmail.com
312,Allison,Thirty,IT,,Average,not available,2021-10-06,bobbymorris@yahoo.com
313,Kimberly,Thirty,,unknown,Excellent,,2024-08-26,shawelizabeth@walker-miller.org
314,John,25,,38029,Excellent,,,amunoz@bates.net
315,Alexis,Thirty,Operations,,Excellent,not available,,james77@hotmail.com
316,Christopher,Thirty,HR,unknown,Excellent,not available,,ndavies@hotmail.com
317,Joel,,IT,,Poor,not available,2022-01-22,kaitlinwilliams@yahoo.com
318,Kathryn,Thirty,,,Excellent,2017-04-19,2022-06-20,gwallace@gmail.com
319,Kristin,,HR,50552,Average,30/12/2019,not available,ucline@franklin.info
320,Latasha,30,,unknown,,30/12/2019,,ebailey@barnett.com
321,Sandy,Thirty,HR,35151,Excellent,not available,,myersapril@mills-thompson.net
322,Edward,Thirty,Finance,unknown,Good,not available,not available,theodorewilliams@evans.com
323,Roberto,33,Operations,113599,,not available,,afischer@gmail.com
324,Kelli,Thirty,HR,unknown,Good,not available,,cliffordgraham@mitchell.biz
325,Vincent,34,,unknown,Average,30/12/2019,,vjohnson@hotmail.com
326,Jody,,,35111,Good,30/12/2019,,thompsonjoshua@johnson.net
327,Kathleen,,HR,unknown,Poor,30/12/2019,2021-02-20,jamesrodriguez@yahoo.com
328,Melanie,25,Operations,unknown,Excellent,30/12/2019,not available,william91@gmail.com
329,Veronica,39,Operations,52985,Poor,not available,not available,fsoto@gmail.com
330,Alex,Thirty,,,,not available,,qsosa@brennan-kennedy.com
331,Michelle,,Finance,61994,Poor,,,hughesjoseph@parrish.net
332,William,,IT,112071,,2022-01-04,not available,lewisjoseph@brandt.com
333,Ashley,32,HR,unknown,Average,2016-07-27,not available,lwilson@wilson.net
334,Samuel,55,HR,77549,Average,not available,,ericwhite@ward.com
335,Philip,Thirty,IT,,Good,not available,2023-04-07,invalidemail.com
336,Lori,44,IT,,Excellent,30/12/2019,,kelly56@dudley.net
337,Douglas,,,unknown,Poor,not available,,noatsign
338,Michelle,,IT,,Good,2017-05-27,2020-11-27,xpotter@yahoo.com
339,Christopher,,,115729,Good,not available,2021-06-27,tthomas@kerr.info
340,Amy,,,,Good,,,murphykristina@jordan-bridges.com
341,Latasha,40,Finance,112493,Excellent,2024-09-07,2021-06-29,jacquelinepatton@simpson.com
342,Cynthia,30,IT,unknown,Excellent,not available,,laurapadilla@hotmail.com
343,Seth,Thirty,IT,62532,Poor,2016-06-16,2021-11-01,gchambers@gmail.com
344,Jennifer,,Operations,unknown,,,,barneselizabeth@lopez.com
345,Stephen,25,Operations,48659,Excellent,30/12/2019,,katrina61@hotmail.com
346,Brian,Thirty,,81130,Excellent,2020-09-01,2024-06-25,amberwilliams@roberts-lyons.com
347,Sandra,51,IT,,Good,30/12/2019,2023-04-13,teresagilmore@hotmail.com
348,Catherine,60,IT,,Poor,2017-04-15,2021-08-15,jacobphillips@gmail.com
349,Zachary,48,,105418,Good,not available,not available,emily16@melton.com
350,Kevin,42,IT,,Poor,,,jaime64@yahoo.com
351,Catherine,36,,unknown,Good,,2021-03-06,debra95@arellano-king.com
352,Eric,60,HR,,Good,2018-02-20,2022-02-09,tracey37@friedman.com
353,Phillip,Thirty,HR,unknown,Excellent,not available,,timothydavis@richards-allen.com
354,Ryan,Thirty,Finance,93539,,not available,2024-06-15,noatsign
355,Andrea,57,HR,unknown,Good,2023-03-01,,stacy25@curtis-alvarado.com
356,Mark,,HR,unknown,Poor,30/12/2019,2024-12-04,campostammy@yahoo.com
357,Renee,Thirty,IT,,Excellent,not available,2020-10-03,reidjanice@meyer.biz
358,Steven,48,HR,unknown,Poor,,2020-12-10,brentglover@freeman.com
359,Amy,53,Finance,unknown,Poor,2023-02-13,,smithabigail@johnson-robertson.com
360,Steven,Thirty,HR,56946,Good,2021-01-06,,andersonrebecca@mcdonald-barry.com
361,Lisa,55,Finance,65956,,30/12/2019,not available,noatsign
362,Terri,,HR,94702,,not available,not available,johnsonjennifer@gmail.com
363,Andrea,Thirty,IT,,Poor,2024-09-27,,tyler65@yahoo.com
364,Zachary,,IT,unknown,,not available,,vrivera@lawson.com
365,Samantha,49,HR,42701,Poor,not available,,tbarnett@johnson.com
366,Michael,34,,78904,Excellent,2016-09-25,,gramirez@yahoo.com
367,Philip,54,Finance,92341,,2022-01-31,2022-07-14,danielledelacruz@gray.com
368,Tiffany,Thirty,,,,30/12/2019,,invalidemail.com
369,Nicole,Thirty,,unknown,Poor,30/12/2019,2025-05-11,robinsondenise@graham-reynolds.com
370,Christopher,Thirty,Finance,unknown,Excellent,30/12/2019,not available,
371,Carrie,46,,,,2025-02-21,not available,fkelly@gmail.com
372,Monique,Thirty,Finance,,Poor,not available,,myoung@yahoo.com
373,Ricky,Thirty,,unknown,Average,30/12/2019,,rwood@smith-barr.info
374,Randall,,Finance,64384,Excellent,,,noatsign
375,Mary,,HR,unknown,Excellent,,2021-01-29,mckayzachary@bates.org
376,Andre,,Operations,unknown,,,,jordan87@knight.com
377,Jason,23,Operations,,Average,2024-05-26,2021-10-18,mary69@hotmail.com
378,April,33,,90442,Average,not available,,noatsign
379,Rodney,,Finance,unknown,Excellent,30/12/2019,not available,thompsonerin@yahoo.com
380,Victor,Thirty,HR,,Excellent,2017-03-05,,bbridges@thomas-morgan.com
381,Melinda,Thirty,,unknown,Poor,,,jocelyn80@anderson-gray.com
382,Tiffany,Thirty,Finance,76193,Poor,not available,,joyhernandez@ross.com
383,Bryan,Thirty,HR,,,not available,2022-09-18,johnstonlisa@jackson.biz
384,Tamara,,,95296,Poor,30/12/2019,2022-08-03,jeremywilliams@hotmail.com
385,Janice,60,IT,,Average,2021-12-11,2023-02-19,jeanettesmith@wolfe.com
386,Andrew,Thirty,HR,unknown,Good,not available,not available,tayloroliver@hotmail.com
387,Anthony,,IT,,,2023-02-13,2022-03-14,scottstephanie@gmail.com
388,Donna,Thirty,,unknown,Excellent,not available,not available,erobinson@cochran-cole.com
389,David,40,HR,92671,Excellent,30/12/2019,2022-11-28,timothythomas@hotmail.com
390,Monique,,Operations,,Good,2024-05-19,not available,chelseajohnson@paul.com
391,Brandon,38,IT,,,30/12/2019,,colematthew@smith.org
392,Amy,Thirty,IT,unknown,Poor,,,traceyyoung@yahoo.com
393,Ronald,39,IT,unknown,Excellent,2022-05-04,,imiller@palmer.net
394,Donald,Thirty,IT,unknown,Average,,not available,qcarter@porter-jones.info
395,Kayla,,IT,,Good,30/12/2019,2021-01-11,
396,Elizabeth,Thirty,,44157,Good,not available,,qmann@thompson-rodriguez.com
397,Kenneth,,IT,unknown,Good,30/12/2019,,gregory41@miller.info
398,Renee,Thirty,Finance,,Average,,,perrylogan@larson.com
399,Samantha,,,77826,,,2022-08-04,hernandezdennis@brown-galvan.net
400,Michael,,IT,unknown,Good,not available,,janicejones@evans.com
401,Wayne,47,,,,not available,,nathaniel56@bonilla-sheppard.com
402,Joseph,Thirty,,,,not available,not available,fernandezjulie@gonzalez.com
403,Aaron,Thirty,,86819,,2015-10-21,,tgray@nielsen-massey.com
404,Michael,Thirty,,unknown,Poor,2018-08-08,2021-03-17,kperkins@huffman-nixon.com
405,Jennifer,Thirty,Operations,,Average,not available,not available,mosschristina@robinson-adams.com
406,Rebecca,Thirty,HR,,Excellent,not available,,bwatson@yahoo.com
407,Kristen,52,,,Good,30/12/2019,,patrick66@gmail.com
408,Dwayne,,HR,101686,Good,,,shelly01@gmail.com
409,Jimmy,,,55029,Excellent,not available,2021-10-30,erika33@carson.com
410,Victoria,36,Operations,unknown,Good,2024-02-23,2021-04-18,garciajake@white.com
411,Gary,Thirty,HR,unknown,Average,,2021-07-27,fmartin@reyes.com
412,Erin,37,,93957,,not available,2020-10-27,kimberly62@hotmail.com
413,Michael,45,HR,,Poor,,,noatsign
414,Vanessa,26,Operations,,,30/12/2019,2023-04-27,millsruth@cook.com
415,Brian,51,,,Excellent,2024-02-13,,davisdean@yahoo.com
416,William,26,Finance,,,2021-07-08,2023-08-05,kimjanet@yahoo.com
417,Casey,45,HR,,Average,30/12/2019,,nroberts@yahoo.com
418,Christopher,Thirty,,,Good,not available,,lauradudley@gmail.com
419,Cynthia,,HR,109713,Average,not available,,garrettmichelle@gmail.com
420,Edward,42,Finance,,Good,,,wardheidi@santana-casey.info
421,Rodney,42,,unknown,Good,2022-02-25,not available,icruz@yahoo.com
422,Jason,,HR,unknown,Average,2022-10-06,,emilysnyder@yahoo.com
423,Paul,,Finance,72174,Poor,2024-08-23,2021-07-14,johnmaldonado@anderson.com
424,Jo,Thirty,,,Good,,,monica22@hotmail.com
425,Bryan,,,unknown,Good,30/12/2019,,christopher46@gmail.com
426,Daniel,,,,Good,,not available,rogersterri@green-scott.com
427,Amber,Thirty,IT,,Excellent,,,noatsign
428,Jeffrey,Thirty,,58119,,30/12/2019,not available,jcampbell@hernandez.info
429,Brandy,,Finance,unknown,Poor,not available,,heatherstevens@moon.com
430,Monica,Thirty,,,Excellent,30/12/2019,,gedwards@spence-delgado.com
431,Victoria,23,IT,,Average,not available,,colesheila@stewart.com
432,Dawn,54,IT,49824,Poor,30/12/2019,,melendezdaniel@graves.com
433,William,56,IT,45736,,,2025-05-12,alison03@yahoo.com
434,Anthony,Thirty,,,Good,not available,,mathew61@hotmail.com
435,Joseph,Thirty,IT,,Good,2023-09-24,,nelsonvictoria@gmail.com
436,Carmen,Thirty,Operations,117593,Good,2020-09-24,,cheryl31@young.com
437,Laura,Thirty,HR,unknown,Poor,,2022-03-18,ryanbeck@bradley-jackson.org
438,Philip,Thirty,IT,,Excellent,,2020-12-31,thompsonalbert@yahoo.com
439,Annette,,HR,64360,Average,,,hartphilip@ramsey-harris.biz
440,Melissa,60,Operations,unknown,Average,2019-06-01,2021-01-26,steven30@webster.info
441,Melissa,25,Operations,,,2024-11-11,2024-09-22,taylorbryan@yahoo.com
442,Eric,,,46097,,2016-12-14,,robert89@cook-dunn.com
443,Kimberly,31,,unknown,Good,2019-06-30,,rachelcarpenter@dixon-norman.org
444,Tracy,60,Finance,115911,Excellent,not available,,suttonariel@hotmail.com
445,Mark,Thirty,,,Poor,not available,2022-05-22,michellesullivan@yahoo.com
446,Gerald,,,,Good,30/12/2019,not available,hoganamy@villarreal-cross.com
447,Charles,,Operations,unknown,Good,,,noatsign
448,Yvette,Thirty,,64941,Poor,not available,,klopez@holt.org
449,Traci,,Finance,,Poor,not available,,scottlaura@gmail.com
450,Mary,,,,Good,2017-01-03,,jamie18@carpenter-taylor.com
451,Cheryl,,HR,116761,Poor,2021-09-24,,michaelvasquez@hotmail.com
452,Christopher,Thirty,,57883,Excellent,30/12/2019,2023-02-13,rhoward@gmail.com
453,Cassandra,Thirty,,90718,Excellent,2020-01-17,,huffamanda@yahoo.com
454,Megan,Thirty,Finance,,Poor,not available,,qmoran@yahoo.com
455,Brandon,,,,,2021-09-24,2024-04-18,kimberly25@yahoo.com
456,Jeffrey,,,49153,Excellent,not available,,bthomas@miller-santiago.com
457,George,Thirty,HR,,,not available,2023-07-14,jennifer76@hotmail.com
458,Margaret,,HR,90156,Excellent,,2025-03-14,kaitlincannon@yahoo.com
459,Jeremy,Thirty,Operations,unknown,,not available,,danielle64@yahoo.com
460,Christopher,Thirty,,unknown,Excellent,,2023-08-28,thomasrubio@villarreal.com
461,Marissa,Thirty,HR,unknown,Average,,2022-12-04,jenniferhanna@hotmail.com
462,Mark,,HR,100006,Poor,not available,not available,dcalderon@yahoo.com
463,Amber,Thirty,,70837,Good,not available,not available,vincentamanda@hotmail.com
464,Nicole,Thirty,HR,80863,,,,paigewinters@hotmail.com
465,John,Thirty,HR,,Poor,30/12/2019,not available,donald96@campbell-fisher.info
466,Bob,Thirty,,,Good,30/12/2019,,evan72@hotmail.com
467,Kent,33,IT,,Excellent,30/12/2019,2022-08-29,nathan39@burns-lambert.biz
468,Emily,,IT,,,,,susan42@hale.com
469,Belinda,57,Operations,107166,Average,,,srios@nolan.com
470,Lauren,44,Operations,unknown,Poor,,,shane60@yahoo.com
471,Austin,Thirty,HR,unknown,,2024-04-18,2020-09-25,boydkirsten@hotmail.com
472,Jamie,,Finance,unknown,Poor,30/12/2019,2025-01-02,ntorres@yahoo.com
473,Ann,37,IT,94053,Excellent,2020-04-11,,matthew79@yahoo.com
474,Sean,Thirty,Finance,unknown,,30/12/2019,2021-02-09,karablanchard@yahoo.com
475,James,,HR,unknown,Excellent,not available,,colonjeffrey@gmail.com
476,Amanda,47,,unknown,Excellent,not available,,markmedina@hotmail.com
477,Michelle,Thirty,,79322,Good,2020-04-17,,ygrant@dawson-krueger.com
478,Jeanne,,IT,unknown,Poor,not available,,corey73@yahoo.com
479,Derek,,IT,94116,Excellent,not available,2021-02-17,brian78@cobb-butler.biz
480,Joseph,,,39918,Excellent,,not available,noatsign
481,Rose,Thirty,IT,79537,Good,not available,,lucasashley@yahoo.com
482,Joshua,Thirty,IT,,Poor,30/12/2019,2021-03-08,kevin89@spence.com
483,Debra,48,HR,67831,,30/12/2019,,josephmorton@long.org
484,Edward,Thirty,HR,unknown,Good,,,melissaross@hotmail.com
485,David,43,Operations,,Average,30/12/2019,,kramerstephanie@smith.biz
486,Melanie,47,IT,unknown,Excellent,2019-02-28,,noatsign
487,Mark,,IT,,Poor,2020-05-08,not available,wardkathleen@richard.info
488,Courtney,,,97635,Good,not available,not available,matthew08@yahoo.com
489,Steven,,IT,82743,Good,30/12/2019,not available,tinahoward@hotmail.com
490,Megan,51,HR,unknown,Good,not available,,justin76@price-schultz.com
491,Brandi,Thirty,,,Average,not available,2021-07-26,bgonzalez@brown.net
492,Donna,37,HR,,Poor,30/12/2019,,heather45@griffin.com
493,Carol,,,,Good,,not available,gibsonbrian@phillips-reed.org
494,Benjamin,,IT,,Average,2016-03-30,,noatsign
495,Michael,Thirty,,unknown,Good,2021-12-07,not available,invalidemail.com
496,Christine,Thirty,IT,,Average,2015-08-06,not available,daymary@nicholson-yu.com
497,Bruce,41,,unknown,,,,noatsign
498,Ryan,53,Operations,93763,Average,,,inewton@murray.biz
499,Jeff,45,Finance,unknown,Good,,,esims@hotmail.com
500,Amanda,Thirty,Operations,,Average,30/12/2019,2025-02-04,heatherwilliams@gmail.com
501,Mary,Thirty,HR,87698,Poor,,not available,qryan@yahoo.com
502,Carla,,Finance,unknown,,,,noatsign
503,Tiffany,50,IT,,Poor,,,hensonmichael@weaver.com
504,Melissa,,IT,,Excellent,30/12/2019,,danielleking@hotmail.com
505,Beverly,,,,Good,2024-10-04,not available,snyderdavid@hotmail.com
506,John,,Operations,82164,Excellent,not available,,jonesrichard@hotmail.com
507,Brittany,,Operations,87180,Poor,2022-05-13,2022-07-01,sgonzalez@page.net
508,John,,Finance,unknown,Good,2021-01-31,,mary98@phelps.com
509,Casey,51,Finance,unknown,Excellent,2020-03-28,2022-03-05,josephpetty@jordan.com
510,Michael,,Finance,,Excellent,2019-02-20,not available,colleenbrennan@gmail.com
511,James,Thirty,Finance,unknown,Poor,,2021-07-08,ehansen@gmail.com
512,Craig,26,,112116,Excellent,not available,,hardydavid@hotmail.com
513,Keith,Thirty,,77179,Excellent,2017-05-20,,cjuarez@rosales-long.info
514,Tiffany,39,,80697,Good,not available,,lisa40@griffin.com
515,Diana,25,HR,unknown,,30/12/2019,,invalidemail.com
516,Misty,34,HR,93332,Poor,,2023-09-09,daniel25@cruz.com
517,Tina,45,Finance,107635,Excellent,30/12/2019,not available,frostlinda@gmail.com
518,Brandon,56,Operations,82509,Average,not available,,anthony73@sanford.com
519,Nicole,,,unknown,Average,30/12/2019,2022-05-10,williamsonkaren@roach.com
520,Jeffrey,,HR,unknown,Poor,2019-12-10,,raymond50@gmail.com
521,John,45,,84415,Poor,not available,2024-05-29,darryl16@williamson-wilson.com
522,John,Thirty,HR,,,30/12/2019,2021-05-22,amyglenn@wilson-avila.com
523,Katherine,,HR,,Excellent,not available,,noatsign
524,Maria,Thirty,HR,,Poor,not available,,noatsign
525,Joshua,Thirty,HR,,,2018-12-16,,laurie09@lopez-cunningham.com
526,Jeffery,30,,106374,,30/12/2019,2021-01-02,coxkayla@potts-mcknight.net
527,Gabriel,Thirty,HR,unknown,Excellent,not available,not available,collinsryan@jenkins.org
528,Michelle,Thirty,Operations,unknown,Excellent,,not available,invalidemail.com
529,Kelly,58,,unknown,Average,,,tgonzalez@hotmail.com
530,Tracy,25,,63701,,2017-09-23,2020-07-22,ashleygillespie@nguyen.com
531,Suzanne,,IT,,Excellent,2024-11-03,2023-10-25,brennanmary@mendez.info
532,Peggy,Thirty,Finance,,,30/12/2019,not available,david98@hotmail.com
533,Diane,59,Operations,unknown,,not available,not available,calvarado@hotmail.com
534,John,Thirty,,58550,Good,30/12/2019,,nicole55@hotmail.com
535,Amanda,Thirty,Operations,unknown,Average,,2024-08-30,yestes@hotmail.com
536,Kenneth,,Operations,unknown,Excellent,not available,2024-05-08,kevinwhitney@hotmail.com
537,Margaret,Thirty,Operations,74862,,not available,,ooliver@johnson-jones.org
538,Grace,Thirty,HR,95366,,not available,,melissa13@hotmail.com
539,Bethany,Thirty,Finance,unknown,Average,2019-12-02,,frazierstacey@guerrero.com
540,Katherine,45,,unknown,,not available,,vmorales@johnson-lee.net
541,Donald,22,Finance,,Poor,2015-10-29,2022-06-01,amber87@lopez.com
542,Carol,Thirty,Operations,48547,Excellent,,2024-06-13,handrews@castillo.com
543,Christopher,,Operations,97799,Excellent,30/12/2019,not available,danakent@perez-harris.com
544,Juan,,Operations,78147,Good,,not available,bonnie10@benson-chavez.com
545,James,Thirty,,55215,Average,,not available,teresa08@hotmail.com
546,Thomas,51,,unknown,Excellent,not available,,kimberlylopez@estrada.org
547,Frank,Thirty,HR,,Good,not available,not available,erikajohnson@watson.com
548,Kevin,,Finance,,,2022-02-04,2021-01-23,tinarice@salas.biz
549,Vanessa,,Operations,unknown,,,,traceyhiggins@hoffman-welch.com
550,Gregory,Thirty,,50571,Poor,2022-11-09,,lauren49@gmail.com
551,Henry,60,Finance,79753,Poor,30/12/2019,2022-03-23,aharris@gentry.com
552,Shane,,,unknown,Excellent,,,hlewis@yahoo.com
553,Diane,54,IT,,Excellent,not available,,campbelllinda@gmail.com
554,Eduardo,Thirty,IT,unknown,Excellent,not available,,wilsoncrystal@gmail.com
555,Stephanie,Thirty,HR,41109,Poor,2024-08-13,,hartmanfrank@fuentes.org
556,Patrick,Thirty,,,Poor,2016-06-12,,michelle65@jenkins.com
557,Roy,Thirty,Finance,42372,Excellent,,,nashscott@gmail.com
558,Tina,56,IT,unknown,Average,2022-01-15,,caseyturner@smith.org
559,Kathryn,,Finance,,,,,brookegibson@hotmail.com
560,Megan,50,Operations,,,2020-08-05,,vsimpson@garcia.com
561,Elizabeth,57,,unknown,Poor,not available,not available,spencerfloyd@gmail.com
562,Shawn,23,,unknown,Good,2015-12-21,2023-06-30,david09@gmail.com
563,Nicole,,,unknown,Excellent,not available,,harrellcory@hudson-beasley.com
564,Joyce,45,Operations,unknown,Average,30/12/2019,2023-10-02,anthony39@yahoo.com
565,Lisa,Thirty,,,,30/12/2019,,invalidemail.com
566,Walter,,Finance,,Poor,not available,,vanderson@hotmail.com
567,Allen,Thirty,IT,58203,Excellent,not available,,markramos@mcdaniel.com
568,Joshua,,,93538,Average,2015-11-17,not available,noatsign
569,Christopher,,IT,unknown,,2024-07-14,2022-07-08,ychen@howe-potts.net
570,Isaiah,34,,,Good,,,beth10@hotmail.com
571,Ann,37,,,Average,2018-01-08,,invalidemail.com
572,Katherine,53,Operations,,Average,2019-07-27,,chris25@hotmail.com
573,Hunter,,Operations,,Average,2021-07-23,not available,idavis@yahoo.com
574,Eric,,HR,113169,Poor,,not available,thomastaylor@yahoo.com
575,Autumn,Thirty,IT,unknown,Average,,not available,dyerlauren@hotmail.com
576,Lori,Thirty,,68137,,not available,,noatsign
577,Douglas,,IT,unknown,Good,30/12/2019,,madelinesalinas@maldonado-myers.com
578,Michael,23,IT,93476,Average,,,adamsmatthew@ford.com
579,Brandon,,,unknown,Good,not available,2020-10-30,porterroger@perry.info
580,Joseph,25,,unknown,Average,,2021-11-02,thomas53@yahoo.com
581,Mercedes,,Finance,111421,Average,2023-09-02,not available,ewilliamson@hotmail.com
582,Kevin,,HR,,Poor,30/12/2019,not available,kimberly66@keith.com
583,Heather,26,HR,,Poor,not available,not available,paulmendez@hendrix.com
584,Jonathan,Thirty,Finance,unknown,Excellent,,not available,joehaynes@gmail.com
585,Laura,Thirty,HR,119938,Poor,30/12/2019,2024-08-04,mcarrillo@yahoo.com
586,Damon,Thirty,IT,unknown,Poor,not available,2021-12-02,floresedward@gmail.com
587,Justin,23,Finance,,Average,30/12/2019,not available,jonathan43@hotmail.com
588,Emily,,HR,unknown,Excellent,not available,2023-08-07,martinshaun@smith.com
589,Michael,,Operations,unknown,Average,30/12/2019,,uparker@hotmail.com
590,Keith,,Operations,unknown,Average,,2024-09-15,justin80@gmail.com
591,Andrea,,HR,,Good,not available,not available,ashleyjonathan@cannon.com
592,Holly,,HR,unknown,Average,30/12/2019,,njohnson@hotmail.com
593,Lisa,,IT,unknown,Poor,,2022-12-26,foleycourtney@boyd.com
594,Catherine,,Finance,unknown,Good,,,meyerkaren@jordan-taylor.com
595,Jacob,Thirty,HR,unknown,,,,tracey61@harvey-cruz.com
596,Lee,,,50640,Good,30/12/2019,,jamesparsons@yahoo.com
597,Michele,,Finance,unknown,Poor,not available,,schmidtpatricia@hotmail.com
598,Jose,Thirty,HR,69625,,2021-04-20,,jefferyjohnson@sweeney-edwards.net
599,Danielle,Thirty,,,Average,30/12/2019,,matthewavila@hotmail.com
600,Daniel,60,HR,109181,Good,not available,not available,ryanhiggins@gmail.com
601,Patricia,,,98246,Average,,2021-02-08,lisadiaz@yahoo.com
602,Jacob,49,IT,,Poor,,,jamieriley@tyler-wheeler.com
603,Lisa,,Finance,109956,,not available,,williamsbarbara@yahoo.com
604,Robin,,,unknown,,,not available,timothymann@yahoo.com
605,Mark,,IT,,Poor,,2024-09-04,invalidemail.com
606,Monique,,IT,,Poor,2024-08-21,not available,yduffy@hotmail.com
607,Randall,,HR,,,,,invalidemail.com
608,Monica,24,HR,117767,,2019-12-06,,jonathan05@barnes-rodgers.info
609,Emily,,,unknown,Good,,2022-06-18,sonya03@gmail.com
610,Sheila,,,unknown,Excellent,,,sford@sanchez.com
611,Tyler,42,Finance,,Excellent,30/12/2019,not available,tracychen@greene-curtis.com
612,Carly,38,Finance,,Average,2023-07-28,not available,welchandrew@gmail.com
613,Daniel,,Operations,unknown,Excellent,30/12/2019,2023-04-20,shannonmcgee@hotmail.com
614,Joshua,Thirty,,94802,Excellent,,,wjohnson@hernandez.info
615,William,Thirty,HR,,Average,not available,,matthew13@ford.com
616,Kristi,31,IT,39180,Poor,,,nataliefarrell@terry.com
617,Alexander,,,,Poor,not available,,noatsign
618,Karen,Thirty,Finance,,Good,not available,,michael04@hotmail.com
619,Phillip,27,,78767,Good,,not available,nicolehudson@mccarthy-long.info
620,Abigail,43,Operations,68761,Good,,,maureenbrown@gmail.com
621,John,42,IT,unknown,Excellent,2018-07-30,,pjackson@preston.com
622,Mark,,Operations,unknown,Average,not available,2024-04-01,
623,Amy,Thirty,,unknown,,,,dylanharmon@yahoo.com
624,Scott,47,,50531,Poor,not available,,psmith@gmail.com
625,Andrew,Thirty,HR,,Good,2017-02-25,not available,
626,Jose,52,HR,,Average,30/12/2019,2020-08-09,jonathanclark@gmail.com
627,Joseph,,,,Average,,,mhart@scott.biz
628,Christopher,41,Operations,56134,Poor,30/12/2019,,donaldkennedy@yahoo.com
629,Claudia,,,,,30/12/2019,,valeriemaxwell@hotmail.com
630,Paul,Thirty,Finance,40859,Excellent,2023-04-20,2023-01-19,carrillokenneth@ferrell.com
631,Robert,50,IT,46769,Good,2023-12-22,,maria68@yahoo.com
632,Justin,,HR,111100,Excellent,2022-01-29,,andersonchristina@weaver.com
633,Joel,56,Finance,unknown,Average,2025-04-01,,gthompson@yahoo.com
634,Jeffrey,Thirty,Operations,84542,,not available,,noatsign
635,Jose,26,,,,not available,2025-02-07,invalidemail.com
636,Hannah,,Finance,63255,,30/12/2019,2021-11-21,fgill@anderson.com
637,Carlos,Thirty,,,Poor,not available,,blake55@kim.com
638,Heather,,IT,unknown,Good,30/12/2019,not available,jarvisbruce@yahoo.com
639,Robert,55,,unknown,Poor,not available,,michael50@gmail.com
640,Sarah,,,,Poor,not available,2021-02-11,dthompson@gmail.com
641,Fernando,Thirty,HR,104300,Poor,,2021-10-04,erichardson@simmons.org
642,Rhonda,Thirty,Operations,88896,Good,2023-07-10,2021-01-29,tonyafaulkner@harris.info
643,Daniel,37,IT,,Good,2017-02-18,2021-07-20,cole54@gmail.com
644,Larry,Thirty,,107499,Good,2019-06-22,,swood@howard-dixon.biz
645,Stephen,Thirty,IT,49665,,,2024-07-08,joseph52@brown-bell.com
646,Michelle,40,,unknown,,30/12/2019,,jonesjaime@clark-clark.com
647,Carla,,,93917,,,not available,james95@hotmail.com
648,Stephanie,Thirty,HR,,,2021-08-29,not available,rodriguezmatthew@yahoo.com
649,Christopher,46,,unknown,Poor,2019-11-22,,amber95@yahoo.com
650,Norma,23,,113121,,not available,not available,brockdustin@salinas.com
651,Patricia,35,,unknown,Good,not available,,frenchlori@morris.com
652,Ana,37,Operations,,,30/12/2019,,seth63@hotmail.com
653,Michael,,,unknown,,not available,,cbarnett@casey-smith.net
654,Joseph,40,IT,,Good,,,invalidemail.com
655,Larry,,,70649,Average,not available,,billypadilla@parks.com
656,Peter,Thirty,HR,unknown,Good,not available,,turnerandrew@flores-ward.org
657,Ryan,56,,,,not available,not available,fhall@gmail.com
658,Natalie,,Operations,unknown,Average,2015-10-31,not available,kcopeland@gmail.com
659,Daniel,45,IT,91926,Good,2019-02-26,not available,olee@hotmail.com
660,Victoria,Thirty,,unknown,Poor,,,invalidemail.com
661,Jessica,Thirty,,,Average,2021-08-26,,gonzalesjames@yahoo.com
662,Curtis,29,Operations,61912,,not available,,brownmonica@gmail.com
663,Samuel,,IT,63632,Excellent,,,jilllane@gmail.com
664,Jeremy,,Finance,unknown,Poor,2021-11-16,not available,oscarroberson@yahoo.com
665,Michael,55,,unknown,Average,,,martinezchristopher@hoover.com
666,Allison,Thirty,Finance,,Poor,30/12/2019,,tyler98@gmail.com
667,Kristin,39,IT,unknown,Good,30/12/2019,not available,andrearasmussen@gmail.com
668,Christopher,Thirty,,,Poor,,not available,nelsonapril@gmail.com
669,Antonio,,,104521,Average,2024-08-03,,fergusonnathan@bradley-cabrera.com
670,Patricia,53,HR,49912,Poor,,,
671,Elaine,22,Operations,unknown,Good,not available,2022-01-07,
672,Denise,25,HR,unknown,Average,2019-07-18,not available,michael49@hotmail.com
673,Michael,,,,Excellent,2023-03-27,,brobertson@gmail.com
674,Melissa,,,unknown,Poor,2024-07-15,not available,jasonjones@hotmail.com
675,Michael,Thirty,IT,unknown,Excellent,not available,,fullerjames@ballard.com
676,Cynthia,Thirty,HR,unknown,Average,not available,,brian10@gordon.com
677,Sean,Thirty,Operations,,Good,2015-11-29,2021-12-26,romantroy@gmail.com
678,James,,IT,,Average,30/12/2019,,krista44@mann.biz
679,Nicole,Thirty,HR,52702,Poor,,2025-05-04,cunninghamnicole@reyes-soto.biz
680,Jennifer,59,Operations,unknown,Good,not available,not available,yoderderek@yahoo.com
681,Sonya,Thirty,,,Poor,,not available,mgill@chen.info
682,Kaitlyn,,IT,unknown,Poor,,not available,usawyer@roberts-garcia.org
683,Jay,Thirty,Finance,unknown,Excellent,not available,not available,hayesmargaret@hotmail.com
684,Melissa,50,,78026,Poor,,,ambermendez@west-nelson.info
685,April,Thirty,HR,88556,Good,,2024-09-29,xrodriguez@king.org
686,David,25,HR,unknown,Poor,not available,2024-01-23,parkerjoshua@martin.com
687,Elaine,Thirty,Finance,unknown,Poor,2016-10-16,,jeffrey43@gmail.com
688,Robert,,IT,,Average,30/12/2019,not available,david02@gmail.com
689,Stephanie,,,53237,Poor,30/12/2019,not available,matthew42@gmail.com
690,Melissa,,,unknown,Poor,2024-11-04,,melissa45@yahoo.com
691,Christopher,,Finance,,Average,2016-08-09,2022-02-07,gmiller@floyd.com
692,Paul,,Finance,80271,Average,,,thompsonangela@gmail.com
693,Brian,32,HR,unknown,,not available,,briandixon@gmail.com
694,Timothy,,Operations,unknown,Poor,2019-06-01,,bradleyburton@gmail.com
695,Devin,,,62193,Average,not available,,rachelconrad@rodriguez.com
696,Cheyenne,Thirty,Finance,,Good,not available,,kanedana@wood.net
697,Samantha,,HR,,Poor,30/12/2019,not available,vdecker@gmail.com
698,Sandra,,HR,54331,,not available,not available,noatsign
699,Katie,,HR,,Good,,,brianamarquez@gordon.com
700,Kevin,,,,Poor,30/12/2019,2022-03-07,michael62@tran-mccann.org
701,Tristan,22,Operations,75256,Average,,,robert08@gonzalez.com
702,Edwin,Thirty,,38605,Poor,not available,,bsmith@randall.biz
703,Anthony,,,71223,Excellent,2019-10-02,,angie47@jackson-mcclain.com
704,Kelly,,Finance,unknown,Average,not available,2025-05-22,andersonnicole@hotmail.com
705,Jamie,39,,90895,Excellent,not available,,rwilliams@yahoo.com
706,Amy,,HR,,Poor,not available,,wallacepatrick@cooper-fuller.org
707,Kristine,25,Operations,,Good,30/12/2019,2021-01-31,cpowers@frazier.com
708,Samantha,43,Operations,63949,Good,2024-12-19,,kurt61@martin.org
709,Zachary,,IT,45871,Poor,30/12/2019,,
710,Sharon,39,,unknown,Good,,not available,
711,Gregory,Thirty,,102004,Good,2024-09-02,2024-05-25,mitchelljennifer@gmail.com
712,Travis,58,HR,unknown,Excellent,,2022-11-05,shieldsalicia@shaffer.info
713,Kathryn,,,81147,Average,30/12/2019,,mooreandrew@yahoo.com
714,Carla,,HR,,,2021-10-19,,johnstonmanuel@hotmail.com
715,William,33,HR,79006,,30/12/2019,2024-06-27,juliewatson@smith.com
716,Jennifer,30,,,Good,,2020-09-28,williamsondanielle@bailey.net
717,Cindy,40,,63265,Excellent,30/12/2019,,fishersara@lee.com
718,Steven,,Finance,unknown,Good,,,gatesluis@mitchell-gonzalez.com
719,Troy,Thirty,Operations,unknown,Average,not available,,foleykendra@yahoo.com
720,Michele,,,,Excellent,,,lisacox@yahoo.com
721,Kristi,,Finance,unknown,Excellent,not available,,diana80@martin-lopez.com
722,Daniel,,Operations,,Average,,,romanmatthew@moore-mitchell.biz
723,Nancy,Thirty,Finance,,Excellent,2020-10-23,not available,morgan52@hotmail.com
724,Ricardo,,Finance,72576,Average,not available,,gregorymeadows@yahoo.com
725,Robert,,Operations,,,,,trevor32@walters.net
726,Debra,,HR,unknown,Good,30/12/2019,,abrown@bray.info
727,Antonio,Thirty,,unknown,,2020-07-26,not available,evansmackenzie@holmes-marks.info
728,Timothy,,Finance,68819,Good,2025-04-18,,nashjoshua@mack.biz
729,Sarah,47,HR,101955,Excellent,30/12/2019,,judith04@hotmail.com
730,Amy,Thirty,Operations,58474,Good,2016-09-26,2020-07-07,invalidemail.com
731,Peter,Thirty,,115928,Good,,,tonyamcclain@gmail.com
732,Richard,28,,,Good,30/12/2019,not available,noatsign
733,Meghan,,Operations,104701,Excellent,,,xrubio@carroll-davis.net
734,Cynthia,,IT,,Good,,,melissastewart@smith.com
735,Taylor,,Finance,100964,Poor,2023-07-13,,ahicks@fuller.com
736,Jamie,Thirty,IT,unknown,Good,,,noatsign
737,Jim,Thirty,,unknown,Excellent,not available,not available,prose@mccall.com
738,Scott,30,HR,110420,,,,
739,Kimberly,41,IT,unknown,Excellent,,,noatsign
740,Daniel,Thirty,Operations,,Poor,2024-04-13,,fyang@hotmail.com
741,Timothy,,IT,119133,Average,2017-11-26,2022-01-16,nathancopeland@yahoo.com
742,Nathan,,IT,,Average,not available,,cevans@gmail.com
743,Eugene,Thirty,HR,,Good,,,patrick35@mcdonald-rosales.com
744,Phillip,Thirty,IT,unknown,,2023-03-20,,michaeladaniel@yahoo.com
745,Timothy,Thirty,Finance,84208,Excellent,2018-05-24,2023-01-27,moorejennifer@stone.com
746,Michael,44,,106551,Poor,not available,not available,samuel59@hotmail.com
747,Ian,Thirty,Finance,unknown,Good,2021-10-17,,rclark@yahoo.com
748,Karen,,,unknown,Good,,not available,henrydominguez@rosales.com
749,Brittany,31,Operations,76911,,,not available,ijohnson@hotmail.com
750,James,Thirty,,unknown,Excellent,2023-07-24,not available,walkeralan@hotmail.com
751,Cody,,IT,unknown,,not available,not available,valdezcory@yahoo.com
752,John,,,102963,Average,30/12/2019,,martinmichael@hotmail.com
753,Amy,,HR,72150,,30/12/2019,not available,invalidemail.com
754,Elizabeth,Thirty,,84788,Poor,not available,2022-11-15,douglas88@simon-daugherty.net
755,Leah,,HR,59221,Good,,,rebeccarivers@hotmail.com
756,Melanie,Thirty,IT,96326,Poor,30/12/2019,,fjohnson@horton.com
757,Suzanne,34,Finance,,Average,not available,,cohengail@elliott.com
758,Kevin,Thirty,Operations,94876,Good,,not available,masonwilliam@hotmail.com
759,Matthew,Thirty,Operations,79413,Poor,30/12/2019,,yolandafields@hotmail.com
760,Alan,44,,,Excellent,2020-09-28,,cassandra95@allen.com
761,Jeffery,,IT,unknown,Excellent,30/12/2019,2021-12-16,ricky57@garcia.com
762,Charles,52,Finance,unknown,Excellent,30/12/2019,not available,christopherellis@pope.com
763,Victoria,,IT,97960,Average,2017-04-22,,dannyharris@gmail.com
764,Allison,Thirty,Operations,105515,Good,2023-08-24,,barbaracompton@thomas.com
765,Kevin,32,Finance,112905,,,not available,youngjoseph@lopez-mason.com
766,Samuel,33,HR,47687,Good,,2025-03-15,invalidemail.com
767,Levi,,Finance,,Good,30/12/2019,2023-11-30,armstrongjeremy@gmail.com
768,Ruben,,Operations,117043,Good,30/12/2019,,ian48@clark.com
769,Christopher,,IT,unknown,,2025-03-29,,jennifermoreno@cooper.net
770,Olivia,,,,Average,,,zbrown@bruce-hanson.com
771,Troy,Thirty,HR,,Poor,,,noatsign
772,Kyle,51,,,Poor,2017-01-14,2024-10-23,butlerjacob@hotmail.com
773,Andrew,,Operations,,Good,2018-08-21,,noatsign
774,Christopher,Thirty,Operations,82985,Poor,,,aedwards@hotmail.com
775,William,22,HR,105454,Poor,,2025-06-21,cynthiajimenez@brown.biz
776,Adrian,47,Operations,unknown,,,,samantha38@hotmail.com
777,Margaret,54,HR,,Good,not available,,reneebrown@hotmail.com
778,David,45,,,Good,2020-07-10,,rebeccadavis@rodriguez-lowe.org
779,Wendy,,Finance,96788,Good,30/12/2019,not available,igood@cruz.com
780,Anna,,Operations,unknown,Poor,not available,,brownamanda@hotmail.com
781,Jacob,53,Operations,86483,Average,not available,,dhorton@hotmail.com
782,Zachary,59,Operations,97886,Good,30/12/2019,,kelly71@vance-vazquez.com
783,Richard,,Finance,59956,Excellent,30/12/2019,,hmarks@yahoo.com
784,Christian,,HR,unknown,Average,30/12/2019,,terrydavid@yahoo.com
785,Michelle,52,,unknown,,30/12/2019,2020-11-15,inelson@stanley.biz
786,Melanie,,,unknown,Poor,30/12/2019,,codylopez@stuart-brown.com
787,Wyatt,51,IT,,,2017-07-30,,banksdeborah@williams.info
788,Renee,Thirty,,,Average,30/12/2019,not available,aaron88@hotmail.com
789,Gregory,Thirty,Operations,unknown,Excellent,30/12/2019,2022-05-01,xwood@sherman-keller.com
790,Renee,,HR,54737,Excellent,,2024-02-29,olopez@yahoo.com
791,Diana,Thirty,HR,,Poor,2024-01-06,,ycarpenter@yahoo.com
792,Dominique,Thirty,HR,,Good,30/12/2019,2022-02-15,odonnelllisa@acosta.com
793,Elizabeth,Thirty,,unknown,,30/12/2019,,humphreymanuel@hamilton.com
794,David,39,,101035,Good,,not available,dgonzalez@hotmail.com
795,Thomas,Thirty,Operations,unknown,Good,not available,not available,tbecker@larsen-hernandez.com
796,Tina,54,Operations,112454,Good,30/12/2019,2021-09-03,morenostephanie@king.biz
797,Seth,Thirty,,53804,Excellent,30/12/2019,not available,sjohnson@yahoo.com
798,Jon,Thirty,,unknown,Excellent,not available,,raguilar@yahoo.com
799,Richard,60,IT,,Poor,2016-10-13,not available,amanda55@hart-miller.com
800,Michael,Thirty,HR,51083,Poor,30/12/2019,,xnelson@yahoo.com
801,Lindsay,52,IT,unknown,Poor,,,jasonhuynh@wagner-montgomery.org
802,Frank,,,,Excellent,30/12/2019,not available,bobby23@yahoo.com
803,Jeffrey,30,,unknown,Average,not available,,santiagoadam@cummings.info
804,Leah,,,unknown,,not available,2022-09-09,invalidemail.com
805,Jeremy,,HR,,Poor,not available,not available,bwilliams@hotmail.com
806,Sheena,,,103832,Average,2017-07-26,not available,mccormickjeffrey@gmail.com
807,Carrie,44,,57030,Average,2018-08-22,2023-01-29,zturner@velasquez.com
808,Melinda,Thirty,,unknown,Excellent,,,johnsonapril@hotmail.com
809,Melissa,,IT,unknown,Poor,not available,not available,mary21@cooper.com
810,Allison,Thirty,,,Good,not available,,darryl95@gmail.com
811,Julia,,Operations,unknown,Excellent,,,
812,Robert,Thirty,HR,unknown,Good,2015-10-28,not available,noatsign
813,Elizabeth,47,Finance,unknown,Excellent,,2023-07-12,alisonkramer@pearson.com
814,Cynthia,,,63804,Average,30/12/2019,,ginaacosta@simmons-rogers.info
815,Shannon,38,,unknown,,,,morganwebb@yahoo.com
816,Jennifer,48,,unknown,Average,30/12/2019,not available,rconley@yahoo.com
817,Nicole,Thirty,Operations,,,30/12/2019,,noatsign
818,Rachel,,,unknown,Good,2015-10-05,not available,jkim@yahoo.com
819,Amanda,,,58798,,,2021-07-24,amandamurphy@barry.com
820,Rhonda,,HR,,Good,,2020-12-08,noatsign
821,Joshua,58,,,Average,,not available,imarsh@yahoo.com
822,Laura,,Operations,67944,Excellent,not available,2023-04-17,nathancook@cortez.info
823,Lynn,23,,110176,Good,30/12/2019,,ashlee90@yahoo.com
824,Ariana,Thirty,,unknown,Excellent,not available,,halleric@hotmail.com
825,Julia,Thirty,IT,,Average,not available,2021-12-31,jasongreen@hotmail.com
826,Christine,59,Operations,,Poor,2015-09-04,2021-04-15,austin30@le.com
827,Roy,54,IT,,Good,,2025-03-23,linda28@gibson.biz
828,Roger,Thirty,,106959,,30/12/2019,,kennethmartinez@wagner.com
829,Jodi,Thirty,Finance,115378,Average,not available,2021-08-25,wharper@fisher.com
830,Maria,31,Finance,unknown,,,2022-09-29,erika13@hotmail.com
831,Curtis,34,,,Good,30/12/2019,,michelle26@yahoo.com
832,Kaitlyn,,HR,64263,Good,2018-10-08,not available,sylvia66@herring-cannon.biz
833,Michael,,Finance,61689,Poor,,not available,khill@gibson.com
834,Teresa,Thirty,,60092,,not available,,ghernandez@yahoo.com
835,Eric,,,unknown,Excellent,,2022-07-18,
836,Joshua,,HR,98016,,,,zscott@yahoo.com
837,David,Thirty,,,Good,not available,not available,pamelagomez@larson.com
838,Antonio,,IT,,Poor,2017-03-30,2025-06-10,youngcurtis@yahoo.com
839,Michael,60,HR,unknown,Good,30/12/2019,,paulwaters@gmail.com
840,Jeremiah,33,Operations,unknown,Good,not available,not available,grodriguez@munoz-reynolds.com
841,James,26,IT,91022,Excellent,not available,,richardsmith@dickson-lowe.net
842,Paul,,,unknown,Average,30/12/2019,2021-09-29,henrydonald@gmail.com
843,Corey,60,IT,96264,Average,30/12/2019,,nicholaseverett@gmail.com
844,Crystal,,IT,38325,,30/12/2019,not available,ashley33@yahoo.com
845,Amber,Thirty,,,Excellent,30/12/2019,,logandonald@hotmail.com
846,Anthony,29,,,Poor,2018-01-14,,pstewart@yahoo.com
847,Caleb,Thirty,HR,unknown,Excellent,,2023-11-21,josephrodriguez@yahoo.com
848,Adam,47,,unknown,Average,not available,,margaretjohnson@smith-hernandez.org
849,Jeffrey,,Operations,unknown,Excellent,2025-05-25,not available,chavezcarolyn@johnson.info
850,Tiffany,Thirty,Operations,unknown,Average,2016-04-10,not available,anita40@kerr.com
851,Robin,,IT,unknown,Average,30/12/2019,,brenda15@snow.org
852,Phillip,22,Finance,,,not available,,julie55@gray-black.com
853,Gabriel,Thirty,HR,86377,Excellent,,2024-02-06,invalidemail.com
854,Bryan,Thirty,,81215,Excellent,2022-02-22,2021-05-16,nicoleramos@yahoo.com
855,Jody,Thirty,Operations,unknown,Excellent,30/12/2019,2022-03-19,richardboyd@rowland.org
856,Cathy,26,,unknown,Good,not available,2024-11-11,brownmolly@gibson.net
857,William,Thirty,IT,,Poor,not available,,ijordan@hotmail.com
858,Nancy,49,,87276,Average,2020-02-10,not available,brendanrogers@stephens.com
859,Charles,,Finance,,Average,,not available,lawrence53@hotmail.com
860,John,25,HR,unknown,Poor,2015-07-18,not available,invalidemail.com
861,Thomas,,HR,unknown,Poor,2019-08-07,not available,lisa15@gmail.com
862,Jennifer,60,Finance,80027,Good,,2022-05-28,christian25@dunn.com
863,Alexander,,Finance,unknown,Good,,2022-11-09,christophermoore@gmail.com
864,Rodney,,Finance,,Poor,not available,not available,noatsign
865,Henry,49,HR,unknown,Excellent,,,gabriella46@ward-walsh.com
866,Adam,Thirty,Finance,,Poor,30/12/2019,,
867,Sharon,37,IT,unknown,Excellent,,not available,jrich@gmail.com
868,Paul,,IT,89229,Poor,not available,not available,wnelson@gmail.com
869,Jeremy,Thirty,Finance,unknown,Good,not available,not available,wilsonkaren@wolfe.com
870,Miguel,43,HR,,,,,elynch@smith.com
871,Jennifer,,Operations,unknown,Good,not available,,gina01@hotmail.com
872,Dorothy,22,IT,88234,,,not available,tespinoza@yahoo.com
873,Melanie,26,,76696,Good,30/12/2019,not available,xkline@ball.com
874,Samantha,,HR,unknown,,,,garrett47@gregory.info
875,Rodney,Thirty,,,Excellent,2017-10-03,,gabriellebarrett@kim.org
876,Christopher,59,HR,72976,Poor,not available,not available,nwade@hotmail.com
877,Mikayla,28,,unknown,Average,,not available,chelseamoore@gmail.com
878,Matthew,,HR,unknown,Average,30/12/2019,,hollystewart@kelly-garcia.info
879,Ryan,42,Operations,105248,Poor,,,ryan00@hotmail.com
880,Daniel,34,HR,53695,Average,,,
881,Michelle,,Finance,,Good,,2022-04-24,kellyheather@jenkins.com
882,Wendy,56,,unknown,Poor,2020-05-06,,invalidemail.com
883,Frances,,IT,49101,Good,2020-03-26,,phillipcontreras@sanchez.net
884,Heather,Thirty,Operations,,Good,not available,,qlara@hotmail.com
885,Howard,45,Finance,39308,,not available,2020-07-09,odunn@gmail.com
886,Anthony,59,Finance,47370,Good,2019-07-29,2024-02-17,noatsign
887,Darlene,43,HR,,Excellent,30/12/2019,not available,calebalexander@gmail.com
888,Rodney,,Operations,105522,,not available,2025-03-07,brendamorse@hotmail.com
889,Janet,,HR,,Poor,,,erin76@yahoo.com
890,Michael,,Finance,,Excellent,2023-11-25,,spencerbenjamin@ibarra.info
891,Richard,28,Finance,61021,Poor,,2025-01-24,
892,Nathan,Thirty,Finance,unknown,Excellent,30/12/2019,not available,invalidemail.com
893,Aaron,,Finance,unknown,,30/12/2019,,nhuang@villegas.com
894,Jennifer,,Finance,111139,Poor,not available,not available,zbradshaw@henry-bailey.com
895,Jon,33,,,Good,2022-03-11,not available,peckchristopher@mitchell.com
896,Kayla,Thirty,HR,,Poor,30/12/2019,,dakotaschroeder@yahoo.com
897,Jason,,,,Excellent,30/12/2019,,hmcdonald@williams.com
898,Tara,26,HR,unknown,Excellent,30/12/2019,2022-06-08,jmooney@martinez.com
899,Phyllis,Thirty,IT,unknown,Good,not available,not available,kathryn35@johnson.biz
900,Rebecca,Thirty,HR,79621,Poor,2023-09-21,not available,diana68@valenzuela.com
901,Fred,Thirty,IT,112583,Good,not available,not available,eosborne@yahoo.com
902,Michelle,Thirty,Finance,unknown,Poor,,,james24@cantrell.com
903,William,Thirty,Finance,,Excellent,,2024-12-07,mjensen@hotmail.com
904,Donald,Thirty,IT,,,not available,2022-04-08,donald48@mason.com
905,Ethan,24,,,Excellent,30/12/2019,,heidi59@jennings.com
906,Danny,Thirty,Operations,,Excellent,30/12/2019,not available,cmendoza@gmail.com
907,Perry,40,Finance,unknown,Average,not available,not available,invalidemail.com
908,Katelyn,Thirty,HR,59310,Good,2020-11-16,2023-10-01,brooke36@johnson-bell.com
909,Amanda,,Operations,119486,Average,not available,not available,michellewalker@russell.com
910,Robert,29,HR,69615,Excellent,2020-09-20,2021-10-04,bethmartin@hill.info
911,Phyllis,57,IT,unknown,Excellent,,2021-08-11,lydia10@kelly-martin.com
912,Jacob,Thirty,,unknown,Average,2024-06-02,not available,robert72@gmail.com
913,Nancy,,IT,114506,Average,30/12/2019,,hernandezannette@whitaker.com
914,Patricia,Thirty,,37000,Average,30/12/2019,,hburns@yahoo.com
915,Jennifer,Thirty,IT,80936,,not available,,kyle71@gmail.com
916,Nathan,22,,52054,Excellent,not available,2024-09-10,john38@mccarty.com
917,Cathy,,Operations,unknown,Poor,30/12/2019,not available,patrickelliott@mitchell.com
918,Katherine,35,,unknown,Average,30/12/2019,,ggiles@green-poole.com
919,Megan,Thirty,Finance,unknown,,not available,not available,evanssarah@gmail.com
920,Jennifer,,,unknown,,30/12/2019,2020-08-02,noatsign
921,John,Thirty,Operations,,,2024-08-08,not available,morganryan@kaufman.com
922,Daniel,Thirty,,56191,Good,30/12/2019,not available,zimmermankristina@gray.com
923,Adam,,HR,76475,Good,2024-03-14,,kathryn17@yahoo.com
924,Brenda,,HR,unknown,Poor,2019-04-18,2023-02-13,allenjames@adams-reeves.com
925,Brent,59,,50134,,2019-09-04,,chad37@myers.net
926,Bethany,,HR,unknown,Average,30/12/2019,,williamtaylor@hotmail.com
927,Mary,Thirty,,52658,,not available,not available,debra89@hotmail.com
928,Amy,Thirty,,54066,Average,,2022-12-08,chris70@hotmail.com
929,Robert,Thirty,Finance,,Excellent,not available,,cmann@gmail.com
930,Melissa,,HR,,Average,not available,2023-09-26,joseph88@roberts.org
931,Shannon,Thirty,HR,,Excellent,not available,not available,cherylhahn@hotmail.com
932,John,,Operations,unknown,Good,not available,2023-09-04,amanda24@fisher-jones.info
933,Erin,36,,unknown,Excellent,not available,,noatsign
934,Brian,46,,unknown,Excellent,not available,,gloriabailey@moon.com
935,Timothy,Thirty,HR,36930,Excellent,,not available,ganderson@yahoo.com
936,Mary,,,103605,Excellent,,,delgadojoshua@douglas.biz
937,David,Thirty,IT,,Average,2025-03-02,,erin28@flowers-schaefer.info
938,Evan,,,,Excellent,30/12/2019,,invalidemail.com
939,Katherine,33,IT,,Average,30/12/2019,not available,laurenwarren@floyd-nash.com
940,Daniel,Thirty,IT,72238,,30/12/2019,,aharmon@spears.com
941,Paul,,,92412,Excellent,30/12/2019,not available,jonlittle@moreno.org
942,Russell,43,,,Poor,,,navarroadam@henderson.com
943,Joshua,22,,,Poor,,not available,
944,Theresa,51,,,Excellent,,not available,invalidemail.com
945,James,Thirty,Operations,112537,Average,30/12/2019,not available,daniel91@sims.net
946,Cynthia,,,unknown,Average,,,zramirez@yahoo.com
947,Christopher,47,Finance,unknown,Poor,not available,,invalidemail.com
948,Ronald,,IT,,,not available,not available,johnparks@hill-chavez.org
949,Katie,,,,Poor,not available,,david71@thompson.com
950,Dakota,,Finance,112783,Excellent,30/12/2019,,joseph42@gmail.com
951,Rebekah,47,,,Poor,not available,,sharprobert@stokes.com
952,John,47,HR,98079,Good,2016-07-29,not available,martineznancy@carter.biz
953,Kristin,42,IT,unknown,,2021-07-28,,paul83@harris.com
954,Ronald,35,HR,46983,,,2024-06-27,timothy58@yahoo.com
955,Sarah,,IT,114242,Good,not available,,bellvincent@hotmail.com
956,Jason,,HR,110499,Good,2023-10-03,2022-12-02,roblesjohn@ingram.com
957,Phillip,Thirty,IT,,Excellent,not available,not available,herrerajoseph@murray-anderson.com
958,Lisa,,Operations,,,not available,,marilyncastillo@gmail.com
959,Jesus,57,,unknown,Poor,,2024-07-12,noatsign
960,Kimberly,,IT,,Excellent,,,allen00@gmail.com
961,Michael,Thirty,IT,,,30/12/2019,,noatsign
962,Tracy,,Finance,86938,Average,2023-12-28,,stephaniebradley@gmail.com
963,Michele,Thirty,HR,,Average,2022-02-18,not available,devin97@gmail.com
964,Jimmy,Thirty,IT,,Excellent,2021-04-26,not available,jacqueline00@barber.com
965,George,Thirty,Finance,,Poor,,2020-07-13,invalidemail.com
966,Kimberly,Thirty,,unknown,Good,,2023-09-09,gregory00@price-hicks.com
967,Christopher,26,IT,38427,Poor,30/12/2019,,lflores@hotmail.com
968,Alexander,Thirty,Operations,unknown,,2022-07-20,2022-07-27,invalidemail.com
969,Sean,,HR,unknown,Good,,,ashleylove@yahoo.com
970,Brianna,Thirty,,56971,Excellent,2022-07-30,not available,angelareynolds@gmail.com
971,Christian,,,,Good,30/12/2019,,sreeves@hubbard.com
972,Meghan,Thirty,,119169,Good,,2025-03-07,lbenitez@chan-smith.org
973,Michelle,40,Finance,45330,Excellent,not available,not available,sarahberry@yahoo.com
974,Timothy,,HR,,Poor,2016-11-15,,noatsign
975,Kristin,Thirty,IT,107686,Good,30/12/2019,,bdiaz@yahoo.com
976,Christopher,51,HR,unknown,Excellent,not available,,burkejacqueline@yahoo.com
977,Mark,,HR,,,,2024-11-02,jeffreyowen@gmail.com
978,Amy,,Operations,unknown,Poor,not available,,
979,Matthew,58,IT,,,2020-07-27,2024-02-16,benjaminparks@smith-haley.biz
980,Laura,42,Finance,72420,Average,2025-05-12,2025-04-10,invalidemail.com
981,Michael,57,IT,53680,Poor,,,ujordan@pratt-jensen.com
982,Christopher,,Finance,unknown,,2021-07-01,,john71@johnson-johnson.com
983,Lindsey,Thirty,,unknown,Excellent,2025-01-21,,parkhunter@gmail.com
984,Cheryl,,Finance,unknown,,30/12/2019,2022-04-11,patrickgray@gmail.com
985,Katherine,36,Operations,,Good,2025-04-22,not available,robertsmith@manning.com
986,Angela,,HR,unknown,Average,30/12/2019,,matthewblair@yahoo.com
987,Brett,42,Finance,,Good,not available,,donaldperry@lopez-friedman.com
988,Sydney,,IT,,Good,not available,,grahambradley@camacho-fox.biz
989,John,,IT,unknown,,not available,not available,amykelley@gamble.com
990,Lindsey,Thirty,HR,unknown,Poor,not available,,moyerjacqueline@cox-henderson.info
991,Bruce,,Finance,unknown,Excellent,2018-10-25,not available,noatsign
992,Christopher,Thirty,HR,82361,Excellent,not available,,invalidemail.com
993,Joshua,26,IT,114418,,30/12/2019,,dawncardenas@yahoo.com
994,Brooke,,Finance,,,not available,,xpearson@yahoo.com
995,Jerome,45,HR,unknown,Excellent,not available,,dhuff@yahoo.com
996,Andre,Thirty,,,Average,30/12/2019,,jamesjames@johnson-beltran.com
997,Sara,,IT,,Excellent,,,noatsign
998,Alexander,,IT,102093,,2017-04-27,not available,noatsign
999,Michelle,,IT,,Poor,2023-08-12,not available,michael86@snyder-moon.com
1000,Edward,,,unknown,Good,,,angel97@gmail.com
1001,James,53,IT,49067,Good,,,stacey38@yahoo.com
1002,Melissa,Thirty,Operations,41849,,30/12/2019,not available,cwu@gmail.com
1003,Barbara,37,,unknown,,2019-12-04,2021-11-01,ddonovan@yahoo.com
1004,Gregg,59,,,Poor,30/12/2019,not available,philipwright@yahoo.com
1005,Ryan,47,,,,,,armstrongmarcus@hotmail.com
1006,Jeffery,,HR,,Good,2023-03-19,not available,danielparker@nelson-brewer.org
1007,Michael,38,,62967,Good,,,otaylor@yahoo.com
1008,David,Thirty,IT,,Poor,30/12/2019,,
1009,James,Thirty,,,Excellent,,,kathleenjones@yahoo.com
1010,Melissa,50,,,,,2024-09-01,larsenbrianna@yahoo.com
1011,Julia,Thirty,HR,,Excellent,2016-08-17,2021-01-29,brandonfox@hotmail.com
1012,Holly,Thirty,IT,,Average,not available,2023-08-01,ian68@gmail.com
1013,Jessica,28,IT,,Poor,30/12/2019,,shelley95@hotmail.com
1014,April,,Finance,,Good,2017-05-23,not available,sean27@hotmail.com
1015,Jennifer,,,,Excellent,2021-11-26,2024-08-07,invalidemail.com
1016,Kristen,,Finance,,Good,,,jessicawalker@shannon.com
1017,Donald,Thirty,,111472,Excellent,30/12/2019,,kristin57@delgado-henderson.com
1018,Karen,Thirty,Finance,unknown,,not available,2022-10-16,marydavis@atkinson.com
1019,Jonathan,41,,108751,Average,30/12/2019,,jamiebanks@barnes.org
1020,Amy,,,76153,Good,not available,not available,kochdawn@davis.info
1021,Mary,Thirty,,,Average,not available,,monteschristopher@ray.org
1022,Matthew,,HR,46401,,30/12/2019,,zperez@gmail.com
1023,Carlos,54,,,Excellent,30/12/2019,2022-10-29,invalidemail.com
1024,William,40,,unknown,Good,30/12/2019,,ocampbell@henry.com
1025,Ashley,28,Operations,104132,Good,,not available,ndaugherty@parsons.info
1026,John,Thirty,HR,unknown,,,,michael20@hotmail.com
1027,Caleb,54,,113678,,2019-07-19,,jonathanmorales@hotmail.com
1028,Joy,Thirty,IT,,Good,2025-02-12,,ydavis@jordan.com
1029,Stephanie,,HR,99026,Good,30/12/2019,2025-06-08,
1030,Marissa,,Finance,unknown,,,,adam33@taylor.com
1031,Erica,,Finance,,,30/12/2019,not available,elizabeth81@yahoo.com
1032,Chelsea,49,Finance,101868,Good,30/12/2019,,floresjoshua@howard.com
1033,William,,Operations,unknown,Good,,not available,david69@simmons.com
1034,Jerry,Thirty,Operations,,Good,2021-02-10,,michaelpark@sharp.com
1035,Rebecca,30,Finance,unknown,Good,,,csanders@harrison.com
1036,Kelly,,HR,48104,,30/12/2019,2021-02-12,sarah01@gmail.com
1037,Alexis,Thirty,,88889,Average,30/12/2019,,melindawhitaker@white.com
1038,Joanna,Thirty,IT,unknown,Good,,,mitchellteresa@hotmail.com
1039,Leonard,58,,108445,Poor,2023-04-25,not available,nathanmitchell@flores-johnson.com
1040,Amy,Thirty,,,Good,,,scottgrant@gmail.com
1041,Michael,Thirty,Finance,42826,Good,30/12/2019,,crystalespinoza@gmail.com
1042,Anthony,Thirty,,,Good,30/12/2019,,
1043,Anna,48,,unknown,Excellent,30/12/2019,not available,annette89@caldwell-welch.com
1044,Debra,47,IT,,Poor,,2024-10-03,cantuvanessa@herman.com
1045,Douglas,50,IT,,Average,,,kreed@ross.com
1046,Wayne,,HR,,Poor,2016-04-21,not available,julierollins@gmail.com
1047,Patricia,43,IT,62436,,not available,,jameshorton@gmail.com
1048,Maurice,40,,,Poor,2021-07-23,not available,invalidemail.com
1049,Karen,43,Operations,unknown,Excellent,,not available,kennedyelijah@yahoo.com
1050,James,Thirty,,90650,Excellent,2018-03-14,,michael86@kennedy.com
1051,Patricia,,,47956,,30/12/2019,,walshgregory@caldwell.com
1052,Alexandra,51,Operations,113475,Excellent,30/12/2019,2022-08-17,perezemily@duffy.net
1053,Carly,34,HR,118686,Excellent,2018-03-09,2024-06-04,johnsonkevin@roberts-davis.com
1054,Julie,Thirty,HR,68051,Excellent,2020-08-18,,douglasjoe@hotmail.com
1055,Laura,,HR,57825,Good,2025-05-29,,swilkinson@obrien-gardner.org
1056,Kenneth,Thirty,,,Average,2017-09-13,,shane85@clark.com
1057,Melanie,38,,,,2021-03-21,,jenniferwilliams@gmail.com
1058,Austin,31,IT,unknown,Poor,not available,2023-01-27,sarah25@klein.com
1059,Margaret,,Operations,71921,Average,not available,not available,santiagorobert@lee-garcia.com
1060,Lawrence,,,58793,Average,2022-08-18,not available,jefferyhart@patterson-michael.com
1061,Theresa,,HR,79021,Poor,2021-04-08,2022-04-18,efranklin@carlson-valencia.com
1062,Eric,,HR,107086,Average,2024-05-20,2021-09-10,martinezjoseph@yahoo.com
1063,Walter,,HR,57453,Average,30/12/2019,,dvillanueva@pearson.com
1064,Patricia,48,Operations,,Excellent,not available,not available,brianparker@yahoo.com
1065,Roy,Thirty,,unknown,Good,,2022-09-24,invalidemail.com
1066,Troy,38,HR,unknown,Average,30/12/2019,not available,jimenezmark@hotmail.com
1067,Sarah,Thirty,Operations,unknown,Average,30/12/2019,not available,mark99@gmail.com
1068,Anna,,HR,unknown,Poor,2018-01-31,not available,julia50@yahoo.com
1069,Robert,Thirty,,35970,Excellent,2019-02-25,,
1070,John,42,,unknown,Poor,2016-11-27,2024-11-01,jessica42@young.com
1071,Spencer,,Operations,,,2016-01-27,2025-06-18,antonio10@johnson-roach.com
1072,Kathleen,,HR,unknown,Excellent,,,invalidemail.com
1073,Doris,,Operations,35715,Excellent,2018-09-04,,randyvaldez@gmail.com
1074,Bruce,Thirty,Operations,unknown,Good,30/12/2019,,hudsonbrooke@mckinney.com
1075,Margaret,Thirty,IT,unknown,Good,30/12/2019,not available,lwright@yahoo.com
1076,Sandra,Thirty,Finance,unknown,Excellent,,2022-01-28,iortiz@parker.info
1077,Carol,Thirty,IT,89276,,2018-03-17,,brianmurray@waller.com
1078,Christopher,50,,,Poor,,,hartalexander@willis.com
1079,Laura,,,,Excellent,2016-03-09,,charles65@yahoo.com
1080,Alexander,,IT,,,not available,,michelle20@lopez-patel.com
1081,Rachel,46,Finance,unknown,Good,30/12/2019,2024-12-23,bpeterson@henson-shelton.net
1082,Virginia,Thirty,,99766,Excellent,30/12/2019,,paigegonzales@obrien.org
1083,Thomas,59,IT,unknown,Excellent,,not available,brianchavez@hotmail.com
1084,Michael,,Finance,,Excellent,not available,2021-08-30,meganhernandez@burnett.com
1085,Jeffrey,49,,109203,Good,30/12/2019,2021-03-01,kathleen01@jones.biz
1086,Katrina,Thirty,Operations,103635,Excellent,2019-03-11,,justin36@thompson-crane.org
1087,Dawn,,,unknown,,,,elopez@ward.info
1088,Thomas,Thirty,,,Good,2021-09-22,,danielarias@holmes-brandt.info
1089,Alex,38,IT,55620,,30/12/2019,not available,jrangel@hotmail.com
1090,Pam,Thirty,,,,30/12/2019,2022-08-07,noatsign
1091,Jonathan,Thirty,HR,58430,Poor,30/12/2019,not available,alexis05@martinez.com
1092,Jeremy,32,Operations,74741,Excellent,2024-12-07,,neil07@jackson-clark.net
1093,Paul,Thirty,Finance,117658,Poor,,,barbara41@gmail.com
1094,Stacey,,Operations,77379,,30/12/2019,2022-12-03,cneal@baker.com
1095,Deborah,48,HR,unknown,,2025-04-30,2023-05-08,emilygarcia@hotmail.com
1096,Jackie,,IT,116652,Poor,30/12/2019,not available,aryan@yahoo.com
1097,Darryl,,Finance,92703,Poor,30/12/2019,not available,powellanna@clark.com
1098,Breanna,52,,,Average,30/12/2019,2025-01-16,
1099,Bianca,Thirty,Finance,,Average,not available,2022-09-08,dennis15@hotmail.com
1100,Robert,Thirty,,unknown,Excellent,30/12/2019,2023-07-15,riverasteven@yahoo.com
1101,Jennifer,Thirty,Operations,,Average,2020-01-26,2020-08-10,gthomas@griffin.com
1102,Samantha,58,HR,86611,Good,not available,not available,colonwilliam@vargas.info
1103,Nicholas,Thirty,Operations,unknown,Good,2015-12-03,not available,ogarcia@gmail.com
1104,Shaun,Thirty,Finance,108744,Average,30/12/2019,,ytate@vasquez-daniels.com
1105,Kelly,Thirty,IT,,Average,30/12/2019,not available,goldenjohn@spencer.com
1106,Danielle,37,,,Poor,2016-10-14,,perezscott@hotmail.com
1107,Karen,,,106098,Poor,not available,,beasleyalejandra@yahoo.com
1108,Dwayne,27,Finance,86246,Average,,2022-04-16,buckleydenise@smith-moore.com
1109,Thomas,Thirty,,unknown,Excellent,30/12/2019,,megan82@ramos.info
1110,Priscilla,Thirty,,unknown,Excellent,,2025-02-11,gthompson@payne.com
1111,Lindsey,44,,66711,Poor,not available,,jjohnson@gmail.com
1112,Jason,,,114917,Good,2019-09-17,2021-10-10,nicolesimmons@gonzalez.com
1113,Madeline,Thirty,,,Poor,2020-07-17,,kennethzhang@smith-mcdonald.biz
1114,Wanda,22,HR,,Average,2020-04-27,,pjacobs@smith-butler.com
1115,Seth,51,HR,unknown,Poor,not available,2025-06-01,scottdavies@hotmail.com
1116,Tara,47,Operations,,Poor,30/12/2019,2022-03-09,rachael87@ortiz.net
1117,Terri,Thirty,IT,unknown,Poor,2020-08-20,not available,stevenwilliams@yahoo.com
1118,Jodi,47,Finance,unknown,Good,2016-03-07,,alex08@peterson-cardenas.com
1119,Karen,Thirty,Finance,unknown,,2022-12-25,not available,kathybautista@yahoo.com
1120,Norman,,,60492,Good,2019-04-13,,alan84@gmail.com
1121,Daniel,,Operations,,,30/12/2019,,oyang@robinson.com
1122,Nichole,,IT,70326,,30/12/2019,2021-02-02,timothy84@wang.com
1123,James,46,Operations,103853,Excellent,30/12/2019,,invalidemail.com
1124,Randy,Thirty,Finance,unknown,,30/12/2019,,mark28@allen.com
1125,Amanda,Thirty,HR,,Average,,,bennettlatasha@yahoo.com
1126,Kevin,Thirty,IT,,Average,not available,2024-04-07,qfletcher@morris-anderson.com
1127,Gary,Thirty,IT,,,30/12/2019,,timothy80@johnston.com
1128,Amber,Thirty,Finance,,Excellent,,not available,lclarke@cox.info
1129,Oscar,,Finance,,Poor,,,kramerjasmine@gmail.com
1130,Bryce,,,100938,Average,2017-02-07,2023-03-27,invalidemail.com
1131,Kimberly,Thirty,,42670,Good,30/12/2019,2022-04-09,millerrachel@yahoo.com
1132,Amy,,,99836,,,,joshua52@fields-hill.org
1133,Brian,60,Finance,unknown,Average,2018-01-10,not available,usingh@velez.info
1134,Lauren,,Finance,,Poor,,not available,invalidemail.com
1135,David,35,,unknown,Excellent,30/12/2019,,kanejohnny@gmail.com
1136,James,,,,Good,2022-03-01,,
1137,Benjamin,,Finance,81668,Excellent,2020-12-11,2022-01-06,paul59@gmail.com
1138,Raymond,,Finance,unknown,Good,not available,not available,christinecharles@yahoo.com
1139,Karen,,Operations,,Poor,30/12/2019,not available,jennifergarcia@johnson-harris.com
1140,Gregory,Thirty,IT,,Good,,not available,jennifergrant@patterson-marshall.com
1141,Jason,,,116505,Excellent,,2021-03-13,allenmichael@powell.net
1142,Matthew,Thirty,Operations,unknown,Poor,not available,not available,hgutierrez@saunders.com
1143,Alicia,,Finance,,Excellent,2021-10-08,,stephenallen@gmail.com
1144,William,Thirty,IT,106392,Excellent,2019-04-17,,scott92@avila.com
1145,Brenda,26,Operations,unknown,Poor,2023-11-23,not available,lynnwolf@ross.com
1146,Craig,22,,unknown,Average,30/12/2019,not available,tiffanyramirez@hotmail.com
1147,Patrick,,Operations,,,,,mitchellstephen@yahoo.com
1148,Claudia,,,unknown,Good,not available,,tpatterson@hotmail.com
1149,Sheila,30,Finance,unknown,Excellent,not available,2021-10-23,pcortez@hotmail.com
1150,Linda,,Operations,unknown,Poor,30/12/2019,,rogersrobert@potter.com
1151,Laura,Thirty,IT,100052,,2022-08-12,2022-07-11,fbyrd@dougherty-andrews.com
1152,Jerry,Thirty,,unknown,Good,30/12/2019,2025-04-28,invalidemail.com
1153,William,59,,113552,Good,30/12/2019,not available,carrielawrence@ford.com
1154,Diana,Thirty,,73560,Poor,2023-06-18,2023-03-25,taylorshaw@murillo-kelley.info
1155,Wanda,41,Operations,unknown,Excellent,30/12/2019,,martinwatson@hotmail.com
1156,Hunter,Thirty,Finance,,,,not available,shanelynch@yahoo.com
1157,Richard,,IT,unknown,Excellent,2021-08-30,not available,krystalramirez@yahoo.com
1158,Derek,Thirty,IT,unknown,,2025-03-28,,hernandezchristian@baker-davidson.com
1159,Sharon,,,,Average,,2023-04-29,vickie85@yahoo.com
1160,Jonathan,Thirty,,77905,Average,,2024-11-30,patrick40@walker.com
1161,Bradley,Thirty,HR,,Average,30/12/2019,,kellylee@rodriguez.com
1162,Robin,Thirty,HR,47382,Good,,,ssimmons@hotmail.com
1163,Kayla,55,Operations,,,30/12/2019,,tonyaanthony@yahoo.com
1164,Dennis,,IT,unknown,Poor,30/12/2019,2024-07-27,jasmine03@hotmail.com
1165,Janice,Thirty,,unknown,Poor,,,mariahoffman@hotmail.com
1166,Greg,,Operations,,Good,,,bentonbrittany@gmail.com
1167,Kevin,,HR,unknown,Good,30/12/2019,not available,
1168,Daisy,,,84104,Average,not available,,davidowens@gmail.com
1169,John,Thirty,,53597,Excellent,not available,2022-01-28,xhoffman@johnson.com
1170,Justin,25,Operations,,Average,,,charlesgray@gmail.com
1171,Christopher,36,Operations,unknown,Excellent,,,shannon91@yahoo.com
1172,Leslie,Thirty,HR,unknown,Poor,30/12/2019,,hortonstanley@yahoo.com
1173,Frank,Thirty,,,Good,30/12/2019,not available,jamie44@guerrero.com
1174,Larry,60,,unknown,Excellent,,not available,tgoodman@gmail.com
1175,John,51,,unknown,,,2025-04-14,invalidemail.com
1176,Jeremy,,,,,2024-03-05,not available,tmueller@yahoo.com
1177,Tammy,,IT,,Poor,not available,2021-09-28,gbrown@wilson.info
1178,Daniel,53,,74215,Good,30/12/2019,not available,patricialittle@yahoo.com
1179,Mikayla,Thirty,Finance,unknown,Excellent,,,patrickhuang@cooke.com
1180,Brittney,Thirty,,unknown,Good,30/12/2019,not available,conleytroy@gmail.com
1181,Matthew,,,unknown,,2015-09-03,2022-01-15,qmiles@diaz-murray.com
1182,David,54,Finance,114078,Poor,2020-12-28,,parrishamy@rosales.info
1183,Jennifer,Thirty,Operations,43812,Excellent,,2025-04-01,invalidemail.com
1184,Kimberly,Thirty,,unknown,Poor,30/12/2019,2025-04-30,jessicasmith@holmes.com
1185,Laura,,Finance,unknown,Excellent,30/12/2019,2022-05-25,invalidemail.com
1186,Juan,42,,102896,Excellent,30/12/2019,not available,david02@hotmail.com
1187,Lori,25,IT,unknown,Average,30/12/2019,,sgalloway@campbell-bridges.net
1188,Christopher,,IT,unknown,Excellent,not available,,qcarlson@gmail.com
1189,Margaret,Thirty,,,Poor,not available,2022-09-19,amendez@gmail.com
1190,Samantha,Thirty,,108835,,not available,,mallen@hudson.biz
1191,Vanessa,24,Finance,unknown,,,,megan01@yahoo.com
1192,Diana,Thirty,Operations,117377,Excellent,30/12/2019,not available,noatsign
1193,Sean,,Operations,unknown,,not available,not available,alirobin@yahoo.com
1194,Amanda,,Finance,unknown,,not available,,daviddiaz@yahoo.com
1195,Tyler,,IT,67650,Excellent,30/12/2019,,ztran@chapman-hill.com
1196,Joseph,Thirty,HR,,,2021-08-28,,marytownsend@payne-wood.org
1197,Diane,,HR,67874,Good,2020-03-24,not available,robertdean@rubio.info
1198,Kevin,Thirty,Finance,unknown,Good,30/12/2019,not available,uwright@gmail.com
1199,Troy,53,IT,,Excellent,not available,not available,lisa36@odom.com
1200,Hunter,22,HR,,Poor,2018-01-28,2024-02-26,kimgordon@hotmail.com
